Industry,Fry's Spring,Belmont,Venable,Greenbrier,Jefferson Park Ave,Locust Grove,Ridge Street,Barracks / Rugby,Fifeville,North Downtown,Starr Hill / Mall,10th & Page,Barracks Road,Lewis Mountain,The Meadows,Johnson Village,Woolen Mills,Rose Hill,Martha Jefferson,Fry's Springct,Belmontct,Venablect,Greenbrierct,Jefferson Park Avect,Locust Grovect,Ridge Streetct,Barracks / Rugbyct,Fifevillect,North Downtownct,Starr Hill / Mallct,10th & Pagect,Barracks Roadct,Lewis Mountainct,The Meadowsct,Johnson Villagect,Woolen Millsct,Rose Hillct,Martha Jeffersonct,Year,Desc
Agriculture,0.0,0.0,0.8828996282527881,0.6922592825676526,0.945179584120983,0.5291005291005291,0.0,0.0,0.0,0.0,1.0727056019070322,0.0,0.0,1.639344262295082,0.0,0.0,3.1390134529147984,0.0,0.0,0,0,19,11,15,8,0,0,0,0,9,0,0,9,0,0,14,0,0,2013,"Agriculture,<br>Forestry, Fishing &<br>Hunting, Mining"
Construction,3.2091917591125196,6.151990349819059,2.5557620817843865,1.5733165512901195,0.0,4.232804232804233,1.3659237958303379,7.722616233254531,3.0752916224814424,7.49185667752443,11.32300357568534,1.4864864864864864,8.463949843260188,1.639344262295082,3.732809430255403,3.837953091684435,5.15695067264574,2.7586206896551726,0.0,81,153,55,25,0,64,19,98,29,69,95,11,54,9,19,18,23,12,0,2013,Construction
Manufacturing,4.635499207606973,1.8496180136710896,2.41635687732342,2.202643171806167,1.7013232514177694,2.1825396825396823,2.300503235082674,7.5650118203309695,6.998939554612938,4.3431053203040175,4.290822407628129,0.0,0.0,0.0,1.5717092337917484,3.411513859275053,6.726457399103139,5.057471264367816,0.0,117,46,52,35,27,33,32,96,66,40,36,0,0,0,8,16,30,22,0,2013,Manufacturing
Wholesale,1.06973058637084,0.24125452352231605,1.254646840148699,0.0,0.0,0.0,0.0,0.0,0.0,1.0857763300760044,4.529201430274136,0.0,2.0376175548589344,0.0,0.0,0.0,7.8475336322869955,0.0,0.0,27,6,27,0,0,0,0,0,0,10,38,0,13,0,0,0,35,0,0,2013,Wholesale Trade
Retail,9.8256735340729,5.307599517490953,10.269516728624536,15.544367526746381,8.254568367989918,4.62962962962963,5.319913731128684,4.570527974783294,2.1208907741251326,10.857763300760043,17.520858164481524,12.972972972972974,6.58307210031348,9.107468123861567,6.4833005893909625,10.23454157782516,3.811659192825112,2.9885057471264367,4.615384615384615,248,132,221,247,131,70,74,58,20,100,147,96,42,50,33,48,17,13,6,2013,Retail Trade
Transportation,2.535657686212361,1.2464817048652996,0.8828996282527881,1.44745122718691,2.0793950850661624,3.9682539682539684,3.3788641265276778,0.0,0.0,1.520086862106406,0.0,0.5405405405405406,0.0,0.0,2.75049115913556,5.756929637526652,1.345291479820628,0.0,0.0,64,31,19,23,33,60,47,0,0,14,0,4,0,0,14,27,6,0,0,2013,"Transportation,<br>Warehousing, Utilities"
Information,3.248811410459588,2.2114997989545637,2.5557620817843865,2.076777847702958,0.5671077504725898,1.3227513227513228,2.9475197699496767,3.9401103230890464,1.5906680805938493,0.760043431053203,1.430274135876043,1.8918918918918919,0.0,11.657559198542804,4.12573673870334,4.051172707889126,2.0179372197309418,0.0,0.0,82,55,55,33,9,20,41,50,15,7,12,14,0,64,21,19,9,0,0,2013,Information
Finance & Insurance,2.77337559429477,5.347808604744673,0.9758364312267658,5.726872246696035,1.890359168241966,2.380952380952381,2.659956865564342,3.7825059101654848,5.1961823966065745,3.800217155266015,4.64839094159714,2.027027027027027,5.799373040752351,0.0,2.5540275049115913,12.366737739872068,0.0,2.9885057471264367,0.0,70,133,21,91,30,36,37,48,49,35,39,15,37,0,13,58,0,13,0,2013,"Finance &<br>Insurance, Real Estate,<br>Rental & Leasing"
Professional,14.183835182250396,12.82669883393647,12.732342007434944,15.984896161107615,11.405166981726529,8.399470899470899,7.4766355140186915,18.045705279747832,18.55779427359491,15.635179153094462,5.363528009535161,1.7567567567567568,22.727272727272727,15.846994535519126,22.593320235756384,4.051172707889126,19.730941704035875,12.413793103448276,61.53846153846154,358,319,274,254,181,127,104,229,175,144,45,13,145,87,115,19,88,54,80,2013,"Professional, Scientific,<br>Management, Administrative,<br>Waste Management Services"
Education & Healthcare,34.389857369255154,40.008041817450746,39.54460966542751,38.011327879169286,54.253308128544425,40.34391534391534,54.56506110711718,33.333333333333336,41.03923647932132,27.578718783930512,31.942789034564957,58.37837837837838,39.0282131661442,26.593806921675775,47.93713163064833,47.97441364605544,37.44394618834081,62.52873563218391,4.615384615384615,868,995,851,604,861,610,759,423,387,254,268,432,249,146,244,225,167,272,6,2013,"Educational Services,<br>Health Care & Social Assistance"
Entertainment,12.202852614896988,12.625653397667874,12.592936802973977,12.083071113908119,15.626969124133586,24.66931216931217,8.986340762041696,9.535066981875493,14.74019088016967,12.48642779587405,2.3837902264600714,13.64864864864865,8.463949843260188,20.40072859744991,5.893909626719057,2.771855010660981,10.089686098654708,8.735632183908047,5.384615384615385,308,314,271,192,248,373,125,121,139,115,20,101,54,112,30,13,45,38,7,2013,"Arts, Entertainment,<br>Recreation, Accommodation &<br>Food Services"
Other Services,7.844690966719493,7.559308403699236,8.782527881040892,3.0207677784770297,2.7095148078134845,3.1746031746031744,6.9734004313443565,6.067769897557132,2.757158006362672,13.137893593919653,10.0119189511323,7.297297297297297,1.8808777429467085,1.4571948998178506,2.357563850687623,5.543710021321962,2.690582959641256,0.0,4.615384615384615,198,188,189,48,43,48,97,77,26,121,84,54,12,8,12,26,12,0,6,2013,Other Services
Public Administration,4.080824088748019,4.624045034177724,4.553903345724907,1.6362492133417244,0.5671077504725898,4.166666666666667,4.02588066139468,5.4373522458628845,3.9236479321314954,1.3029315960912051,5.482717520858165,0.0,5.015673981191223,11.657559198542804,0.0,0.0,0.0,2.528735632183908,19.23076923076923,103,115,98,26,9,63,56,69,37,12,46,0,32,64,0,0,0,11,25,2013,Public Administration
Agriculture,0.3341288782816229,0.5319148936170213,0.0,0.33381020505484027,0.0,0.0,0.0,0.0,0.0,1.2465373961218837,0.0,0.0,1.0507880910683012,0.0,0.0,0.0,1.5384615384615385,0.0,0.0,7,12,0,7,0,0,0,0,0,18,0,0,6,0,0,0,10,0,0,2014,"Agriculture,<br>Forestry, Fishing &<br>Hunting, Mining"
Construction,3.484486873508353,1.8173758865248226,2.982456140350877,2.050548402479733,2.0707506471095773,2.2135416666666665,4.574468085106383,4.444444444444445,4.082441537851763,11.565096952908588,7.399347116430903,4.566929133858268,1.4010507880910683,0.0,0.0,5.854241338112306,1.2307692307692308,3.6144578313253013,0.0,73,41,68,43,24,34,43,42,103,167,68,29,8,0,0,49,8,15,0,2014,Construction
Manufacturing,4.248210023866348,2.0390070921985815,3.1578947368421053,3.5288507391511685,1.2942191544434858,2.8645833333333335,8.085106382978724,8.253968253968255,0.4756242568370987,5.747922437673131,6.2023939064200215,1.7322834645669292,2.4518388791593697,2.6785714285714284,5.014749262536873,5.4958183990442055,2.6153846153846154,3.3734939759036147,3.3185840707964602,89,46,72,74,15,44,76,78,12,83,57,11,14,12,17,46,17,14,15,2014,Manufacturing
Wholesale,0.5727923627684964,1.551418439716312,0.17543859649122806,1.1921793037672865,3.019844693701467,4.166666666666667,0.0,0.0,0.9116131589377725,2.770083102493075,0.0,0.0,1.4010507880910683,0.0,0.0,1.4336917562724014,0.0,0.0,0.0,12,35,4,25,35,64,0,0,23,40,0,0,8,0,0,12,0,0,0,2014,Wholesale Trade
Retail,5.6324582338902145,9.086879432624114,7.192982456140351,5.007153075822604,10.698878343399482,3.7760416666666665,22.97872340425532,1.7989417989417988,17.637732857709075,11.426592797783934,5.658324265505985,0.0,10.85814360770578,4.241071428571429,5.6047197640118,12.066905615292711,4.461538461538462,2.891566265060241,8.849557522123893,118,205,164,105,124,58,216,17,445,165,52,0,62,19,19,101,29,12,40,2014,Retail Trade
Transportation,5.155131264916467,1.1081560283687943,1.3596491228070176,2.2412970910824987,3.882657463330457,0.0,3.297872340425532,0.0,0.5152596115735236,1.5235457063711912,0.0,4.566929133858268,1.0507880910683012,6.25,0.0,1.1947431302270013,7.6923076923076925,0.0,6.415929203539823,108,25,31,47,45,0,31,0,13,22,0,29,6,28,0,10,50,0,29,2014,"Transportation,<br>Warehousing, Utilities"
Information,0.7637231503579952,3.368794326241135,3.026315789473684,0.0,4.227782571182053,3.9713541666666665,0.0,6.878306878306878,0.9908838684106223,1.6620498614958448,4.787812840043525,4.409448818897638,9.281961471103328,3.794642857142857,4.71976401179941,0.8363201911589009,2.4615384615384617,2.891566265060241,3.7610619469026547,16,76,69,0,49,61,0,65,25,24,44,28,53,17,16,7,16,12,17,2014,Information
Finance & Insurance,3.1503579952267304,4.875886524822695,2.3684210526315788,4.673342870767764,0.0,2.6692708333333335,0.851063829787234,4.338624338624339,0.6738010305192231,2.21606648199446,2.2850924918389555,8.503937007874017,0.0,0.0,2.0648967551622417,4.898446833930705,4.3076923076923075,12.53012048192771,15.265486725663717,66,110,54,98,0,41,8,41,17,32,21,54,0,0,7,41,28,52,69,2014,"Finance &<br>Insurance, Real Estate,<br>Rental & Leasing"
Professional,14.653937947494033,11.25886524822695,18.07017543859649,9.060562708631378,14.926660914581536,13.020833333333334,12.340425531914894,18.201058201058203,12.168053904082441,12.950138504155124,13.928182807399347,16.53543307086614,10.332749562171628,20.982142857142858,15.339233038348082,10.75268817204301,14.153846153846153,23.373493975903614,15.265486725663717,307,254,412,190,173,200,116,172,307,187,128,105,59,94,52,90,92,97,69,2014,"Professional, Scientific,<br>Management, Administrative,<br>Waste Management Services"
Education & Healthcare,42.38663484486874,45.656028368794324,38.81578947368421,52.78969957081545,43.31320103537532,42.96875,30.74468085106383,38.2010582010582,35.354736424891,23.47645429362881,36.779107725788904,35.118110236220474,25.394045534150614,54.017857142857146,59.882005899705014,33.452807646356035,36.92307692307692,36.626506024096386,44.02654867256637,888,1030,885,1107,502,660,289,361,892,339,338,223,145,242,203,280,240,152,199,2014,"Educational Services,<br>Health Care & Social Assistance"
Entertainment,12.649164677804295,14.627659574468085,13.903508771929825,13.257033857892226,13.459879206212252,13.346354166666666,6.914893617021277,10.793650793650794,20.76892588188664,9.210526315789474,10.44613710554951,12.755905511811024,21.891418563922944,3.5714285714285716,2.359882005899705,3.225806451612903,19.846153846153847,8.19277108433735,0.0,265,330,317,278,156,205,65,102,524,133,96,81,125,16,8,27,129,34,0,2014,"Arts, Entertainment,<br>Recreation, Accommodation &<br>Food Services"
Other Services,4.248210023866348,2.7039007092198584,4.166666666666667,3.719599427753934,2.243313201035375,5.794270833333333,7.446808510638298,4.126984126984127,5.826397146254459,12.534626038781163,5.00544069640914,1.1023622047244095,0.8756567425569177,0.0,0.0,14.217443249701315,4.769230769230769,1.4457831325301205,3.0973451327433628,89,61,95,78,26,89,70,39,147,181,46,7,5,0,0,119,31,6,14,2014,Other Services
Public Administration,2.720763723150358,1.374113475177305,4.780701754385965,2.1459227467811157,0.8628127696289906,5.208333333333333,2.765957446808511,2.962962962962963,0.5945303210463734,3.670360110803324,7.50816104461371,10.708661417322835,14.010507880910684,4.464285714285714,5.014749262536873,6.571087216248507,0.0,5.0602409638554215,0.0,57,31,109,45,10,80,26,28,15,53,69,68,80,20,17,55,0,21,0,2014,Public Administration
Agriculture,1.2594458438287153,1.1674449633088726,0.2814636107760354,0.731528895391368,0.0,0.0,0.0,0.0,0.354251012145749,5.242718446601942,0.0,0.0,0.0,0.0,0.0,0.0,0.0,0.0,0.0,40,35,7,10,0,0,0,0,7,81,0,0,0,0,0,0,0,0,0,2015,"Agriculture,<br>Forestry, Fishing &<br>Hunting, Mining"
Construction,6.10831234256927,3.90260173448966,3.65902694008846,3.950256035113387,0.9857612267250822,0.0,5.843293492695883,4.058441558441558,2.834008097165992,2.459546925566343,2.093718843469591,5.389221556886228,2.9027576197387517,0.0,0.0,5.675675675675675,4.11214953271028,0.0,3.1531531531531534,194,117,91,54,9,0,88,50,56,38,21,27,20,0,0,42,22,0,14,2015,Construction
Manufacturing,3.9987405541561714,2.268178785857238,3.4981905910735827,1.024140453547915,4.709748083242059,4.130262112787927,0.0,3.896103896103896,8.755060728744938,1.1003236245954693,3.489531405782652,2.395209580838323,0.0,4.235294117647059,3.51288056206089,10.135135135135135,0.9345794392523364,4.18848167539267,3.6036036036036037,127,68,87,14,43,52,0,48,173,17,35,12,0,18,15,75,5,16,16,2015,Manufacturing
Wholesale,2.204030226700252,0.6337558372248165,0.5227181342983515,1.1704462326261886,0.0,1.2708498808578237,0.5976095617529881,0.487012987012987,2.2267206477732793,0.0,0.0,0.0,0.0,0.0,0.0,0.0,4.672897196261682,0.0,0.0,70,19,13,16,0,16,9,6,44,0,0,0,0,0,0,0,25,0,0,2015,Wholesale Trade
Retail,8.280856423173804,10.67378252168112,6.473663047848814,2.3408924652523773,4.052573932092004,4.447974583002383,21.58034528552457,9.577922077922079,15.232793522267206,10.679611650485437,5.682951146560319,7.7844311377245505,11.611030478955007,6.117647058823529,10.304449648711945,2.4324324324324325,9.532710280373832,3.141361256544503,11.711711711711711,263,320,161,32,37,56,325,118,301,165,57,39,80,26,44,18,51,12,52,2015,Retail Trade
Transportation,1.8891687657430731,1.3675783855903936,1.4877362283876157,0.0,4.16210295728368,1.9062748212867355,2.058432934926959,0.0,2.0242914979757085,3.495145631067961,1.1964107676969093,0.0,6.6763425253991295,0.0,7.02576112412178,0.0,5.046728971962617,0.0,0.0,60,41,37,0,38,24,31,0,40,54,12,0,46,0,30,0,27,0,0,2015,"Transportation,<br>Warehousing, Utilities"
Information,3.243073047858942,3.7024683122081385,4.8250904704463204,1.463057790782736,3.5049288061336252,0.3177124702144559,1.0624169986719787,0.8116883116883117,0.0,1.8122977346278317,0.6979062811565304,1.1976047904191616,2.9027576197387517,0.0,3.51288056206089,4.054054054054054,2.803738317757009,4.450261780104712,0.0,103,111,120,20,32,4,16,10,0,28,7,6,20,0,15,30,15,17,0,2015,Information
Finance & Insurance,3.5579345088161207,1.734489659773182,2.5331724969843186,8.339429407461594,3.6144578313253013,0.9531374106433678,0.6640106241699867,3.977272727272727,0.9109311740890689,2.26537216828479,7.676969092721834,0.0,0.0,13.176470588235293,13.348946135831381,8.243243243243244,2.05607476635514,6.544502617801047,2.027027027027027,113,52,63,114,33,12,10,49,18,35,77,0,0,56,57,61,11,25,9,2015,"Finance &<br>Insurance, Real Estate,<br>Rental & Leasing"
Professional,8.18639798488665,18.74583055370247,15.078407720144753,17.922457937088517,10.733844468784227,4.924543288324067,4.780876494023905,9.172077922077921,9.15991902834008,17.60517799352751,17.846460618145564,20.159680638722556,11.030478955007258,20.0,17.096018735362996,20.81081081081081,17.757009345794394,14.921465968586388,20.495495495495497,260,562,375,245,98,62,72,113,181,272,179,101,76,85,73,154,95,57,91,2015,"Professional, Scientific,<br>Management, Administrative,<br>Waste Management Services"
Education & Healthcare,36.20906801007557,30.35356904603069,31.242460796139927,47.32991953182151,51.25958378970427,58.141382049245436,46.613545816733065,38.63636363636363,32.540485829959515,26.73139158576052,37.387836490528414,53.49301397205589,47.16981132075472,39.05882352941177,39.34426229508197,31.216216216216218,37.19626168224299,64.3979057591623,39.63963963963964,1150,910,777,647,468,732,702,476,643,413,375,268,325,166,168,231,199,246,176,2015,"Educational Services,<br>Health Care & Social Assistance"
Entertainment,15.869017632241814,18.31220813875917,19.662243667068758,5.5596196049743964,8.32420591456736,19.14217633042097,11.02257636122178,18.344155844155843,13.917004048582996,18.25242718446602,3.5892323030907276,7.385229540918163,13.497822931785196,8.941176470588236,2.576112412177986,9.18918918918919,14.018691588785046,0.0,15.99099099099099,504,549,489,76,76,241,166,226,275,282,36,37,93,38,11,68,75,0,71,2015,"Arts, Entertainment,<br>Recreation, Accommodation &<br>Food Services"
Other Services,6.39168765743073,5.303535690460307,3.860072376357057,5.852231163130944,4.928806133625411,2.7005559968228754,3.652058432934927,4.383116883116883,8.097165991902834,9.579288025889968,14.35692921236291,0.0,2.7576197387518144,2.1176470588235294,3.278688524590164,5.27027027027027,0.0,0.0,1.5765765765765767,203,159,96,80,45,34,55,54,160,148,144,0,19,9,14,39,0,0,7,2015,Other Services
Public Administration,2.802267002518892,1.8345563709139425,6.875753920386007,4.316020482809071,3.723986856516977,2.0651310563939633,2.1248339973439574,6.6558441558441555,3.9473684210526314,0.7766990291262136,5.982053838484546,2.1956087824351296,1.4513788098693758,6.352941176470588,0.0,2.972972972972973,1.8691588785046729,2.356020942408377,1.8018018018018018,89,55,171,59,34,26,32,82,78,12,60,11,10,27,0,22,10,9,8,2015,Public Administration
Agriculture,0.0,2.2641509433962264,0.36585365853658536,3.5238095238095237,1.1391375101708707,0.0,0.0,0.0,0.0,0.0,4.7375160051216385,0.0,0.0,0.0,0.0,0.0,0.0,0.0,0.0,0,66,9,74,14,0,0,0,0,0,37,0,0,0,0,0,0,0,0,2016,"Agriculture,<br>Forestry, Fishing &<br>Hunting, Mining"
Construction,3.672316384180791,5.55746140651801,3.5772357723577235,1.4285714285714286,1.2205044751830756,1.1026293469041561,1.9047619047619047,4.194630872483222,5.610021786492375,1.127554615926709,0.0,9.555984555984557,0.0,2.1621621621621623,6.9109947643979055,7.186858316221766,7.142857142857143,3.8391224862888484,4.878048780487805,117,162,88,30,15,13,26,50,103,16,0,99,0,8,66,35,45,21,12,2016,Construction
Manufacturing,4.676710608913999,1.5780445969125214,3.3333333333333335,2.857142857142857,10.496338486574452,4.2408821034775235,3.58974358974359,5.704697986577181,0.9803921568627451,4.08738548273432,1.792573623559539,5.7915057915057915,7.352941176470588,0.0,0.7329842931937173,1.8480492813141685,0.0,3.1078610603290677,4.878048780487805,149,46,82,60,129,50,49,68,18,58,14,60,15,0,7,9,0,17,12,2016,Manufacturing
Wholesale,0.6905210295040803,3.876500857632933,0.0,0.9047619047619048,5.288852725793328,1.7811704834605597,0.0,0.9228187919463087,0.32679738562091504,0.0,0.6402048655569782,0.0,0.0,0.0,0.0,0.0,0.0,0.0,5.691056910569106,22,113,0,19,65,21,0,11,6,0,5,0,0,0,0,0,0,0,14,2016,Wholesale Trade
Retail,12.115505335844318,6.072041166380789,11.707317073170731,10.333333333333334,8.380797396257119,6.191687871077184,16.263736263736263,6.9630872483221475,15.032679738562091,5.214940098661029,8.322663252240718,7.4324324324324325,0.0,2.4324324324324325,12.041884816753926,8.213552361396303,11.26984126984127,6.39853747714808,9.34959349593496,386,177,288,217,103,73,222,83,276,74,65,77,0,9,115,40,71,35,23,2016,Retail Trade
Transportation,0.847457627118644,1.3036020583190395,1.991869918699187,4.0,0.6509357200976403,2.1204410517387617,2.051282051282051,0.9228187919463087,2.6688453159041394,2.04369274136716,1.408450704225352,3.861003861003861,0.0,0.0,1.361256544502618,0.0,2.380952380952381,0.0,0.0,27,38,49,84,8,25,28,11,49,29,11,40,0,0,13,0,15,0,0,2016,"Transportation,<br>Warehousing, Utilities"
Information,1.8518518518518519,2.778730703259005,2.154471544715447,1.7142857142857142,0.0,1.0178117048346056,1.3186813186813187,4.949664429530201,1.5250544662309369,3.453136011275546,4.7375160051216385,6.177606177606178,0.0,1.3513513513513513,2.722513089005236,2.0533880903490758,1.2698412698412698,4.753199268738574,0.0,59,81,53,36,0,12,18,59,28,49,37,64,0,5,26,10,8,26,0,2016,Information
Finance & Insurance,6.716886377903327,1.7152658662092624,3.861788617886179,1.619047619047619,1.545972335231896,0.6785411365564037,5.054945054945055,6.124161073825503,1.1437908496732025,6.272022551092318,2.0486555697823303,5.405405405405405,0.0,5.675675675675675,1.675392670157068,2.0533880903490758,2.0634920634920637,0.0,9.75609756097561,214,50,95,34,19,8,69,73,21,89,16,56,0,21,16,10,13,0,24,2016,"Finance &<br>Insurance, Real Estate,<br>Rental & Leasing"
Professional,13.182674199623353,11.457975986277873,14.715447154471544,16.61904761904762,4.231082180634663,5.767599660729432,10.622710622710622,26.426174496644297,8.932461873638344,10.007047216349543,14.596670934699103,10.424710424710424,24.019607843137255,9.45945945945946,19.476439790575917,13.552361396303901,19.365079365079364,6.39853747714808,15.447154471544716,420,334,362,349,52,68,145,315,164,142,114,108,49,35,186,66,122,35,38,2016,"Professional, Scientific,<br>Management, Administrative,<br>Waste Management Services"
Education & Healthcare,36.66038920276208,39.451114922813034,39.43089430894309,38.42857142857143,42.63628966639544,50.80576759966073,36.99633699633699,28.7751677852349,43.028322440087145,30.443974630021142,32.394366197183096,26.06177606177606,46.568627450980394,55.67567567567568,14.136125654450261,52.56673511293634,31.904761904761905,43.327239488117,32.113821138211385,1168,1150,970,807,524,599,505,343,790,432,253,270,95,206,135,256,201,237,79,2016,"Educational Services,<br>Health Care & Social Assistance"
Entertainment,9.070935342121782,14.44253859348199,8.902439024390244,15.523809523809524,12.286411716842961,18.914334181509755,9.523809523809524,4.278523489932886,12.636165577342048,21.000704721634953,23.047375160051217,19.305019305019304,15.196078431372548,14.054054054054054,29.94764397905759,7.8028747433264884,20.793650793650794,21.389396709323584,8.94308943089431,289,421,219,326,151,223,130,51,232,298,180,200,31,52,286,38,131,117,22,2016,"Arts, Entertainment,<br>Recreation, Accommodation &<br>Food Services"
Other Services,6.371625863151287,5.248713550600343,7.682926829268292,2.0,7.485760781122864,4.8346055979643765,9.010989010989011,4.781879194630872,4.5206971677559915,6.694855532064834,4.865556978233035,4.536679536679537,0.0,5.675675675675675,10.99476439790576,2.6694045174537986,0.0,9.689213893967093,6.504065040650406,203,153,189,42,92,57,123,57,83,95,38,47,0,21,105,13,0,53,16,2016,Other Services
Public Administration,4.143126177024482,4.253859348198971,2.2764227642276422,1.0476190476190477,4.637917005695687,2.544529262086514,3.663003663003663,5.956375838926174,3.5947712418300655,9.654686398872446,1.408450704225352,1.4478764478764479,6.862745098039215,3.5135135135135136,0.0,2.0533880903490758,3.8095238095238093,1.0968921389396709,2.4390243902439024,132,124,56,22,57,30,50,71,66,137,11,15,14,13,0,10,24,6,6,2016,Public Administration
Agriculture,2.4229837313949463,0.6543075245365322,0.0,0.7841518778373917,1.6563146997929608,0.0,0.0,0.0,1.9677093844601412,0.0,0.0,0.0,0.0,0.0,0.0,0.0,0.0,0.0,2.0527859237536656,70,18,0,19,24,0,0,0,39,0,0,0,0,0,0,0,0,0,14,2017,"Agriculture,<br>Forestry, Fishing &<br>Hunting, Mining"
Construction,2.1806853582554515,5.379861868411487,5.209557383470427,4.374742055303343,0.0,5.223880597014926,1.7467248908296944,3.2411820781696856,3.077699293642785,4.367053620784964,2.3411371237458196,11.02661596958175,0.0,3.942953020134228,4.406130268199234,0.0,0.0,1.4245014245014245,0.0,63,148,133,106,0,28,20,34,61,79,14,116,0,47,23,0,0,5,0,2017,Construction
Manufacturing,4.707511249567324,0.3635041802980734,4.622013317665491,1.8159306644655386,5.175983436853002,0.0,4.454148471615721,2.9551954242135365,2.169525731584258,4.698728579325595,2.1739130434782608,1.3307984790874525,0.0,10.234899328859061,2.2988505747126435,5.446927374301676,2.857142857142857,6.837606837606837,0.0,136,10,118,44,75,0,51,31,43,85,13,14,0,122,12,39,5,24,0,2017,Manufacturing
Wholesale,1.6268605053651783,0.8724100327153762,1.4101057579318448,1.361947998349154,4.692891649413388,0.0,1.5720524017467248,0.0,0.5045408678102926,0.0,1.0033444816053512,0.0,0.0,0.0,0.0,0.0,0.0,0.0,4.252199413489736,47,24,36,33,68,0,18,0,10,0,6,0,0,0,0,0,0,0,29,2017,Wholesale Trade
Retail,9.691934925579785,13.340603416939295,15.981198589894243,9.657449442839456,4.140786749482402,5.037313432835821,6.724890829694323,8.579599618684462,5.802219979818365,17.5787728026534,2.3411371237458196,12.357414448669202,11.8673647469459,4.949664429530201,12.64367816091954,12.430167597765363,4.571428571428571,11.68091168091168,9.824046920821115,280,367,408,234,60,27,77,90,115,318,14,130,68,59,66,89,8,41,67,2017,Retail Trade
Transportation,1.557632398753894,4.180298073427845,1.018409714061888,2.9302517540239372,2.622498274672188,0.0,1.48471615720524,2.8598665395614873,0.7063572149344097,1.1608623548922057,0.0,1.7110266159695817,0.0,1.2583892617449663,0.0,2.653631284916201,0.0,0.0,0.0,45,115,26,71,38,0,17,30,14,21,0,18,0,15,0,19,0,0,0,2017,"Transportation,<br>Warehousing, Utilities"
Information,1.903772931810315,2.1810250817884405,2.8202115158636896,3.2604209657449443,1.311249137336094,1.1194029850746268,2.096069868995633,1.5252621544327931,2.4217961654894045,2.211166390270868,2.6755852842809364,1.3307984790874525,2.6178010471204187,0.0,1.7241379310344827,3.35195530726257,0.0,2.5641025641025643,2.0527859237536656,55,60,72,79,19,6,24,16,48,40,16,14,15,0,9,24,0,9,14,2017,Information
Finance & Insurance,5.29595015576324,1.708469647400945,2.54602428515472,0.6190672719768882,4.623878536922015,0.0,2.2707423580786026,1.6205910390848428,6.609485368314833,4.1459369817578775,6.354515050167224,9.03041825095057,19.895287958115183,0.0,0.0,5.027932960893855,0.0,6.837606837606837,1.7595307917888563,153,47,65,15,67,0,26,17,131,75,38,95,114,0,0,36,0,24,12,2017,"Finance &<br>Insurance, Real Estate,<br>Rental & Leasing"
Professional,15.05711318795431,13.049800072700837,15.981198589894243,16.797358646306233,6.97032436162871,9.888059701492537,6.986899563318778,11.820781696854146,15.035317860746721,11.885019347705915,10.200668896321071,8.17490494296578,12.739965095986038,10.151006711409396,5.747126436781609,4.050279329608938,14.285714285714286,20.797720797720796,5.278592375366569,435,359,408,407,101,53,80,124,298,215,61,86,73,121,30,29,25,73,36,2017,"Professional, Scientific,<br>Management, Administrative,<br>Waste Management Services"
Education & Healthcare,35.790931118033924,34.1693929480189,33.6466901684293,34.91539413949649,45.75569358178054,56.90298507462686,48.646288209606986,46.32983794089609,37.38647830474268,31.785516860143726,35.28428093645485,34.4106463878327,26.701570680628272,44.46308724832215,38.69731800766284,28.77094972067039,47.42857142857143,43.58974358974359,49.266862170087975,1034,940,859,846,663,305,557,486,741,575,211,362,153,530,202,206,83,153,336,2017,"Educational Services,<br>Health Care & Social Assistance"
Entertainment,13.707165109034268,15.303525990548891,6.267136701919311,15.683037556747832,12.146307798481711,9.888059701492537,14.235807860262009,11.534795042897999,16.902119071644805,13.543394140409065,18.39464882943144,15.209125475285171,10.296684118673648,12.667785234899329,24.137931034482758,23.60335195530726,17.714285714285715,1.9943019943019944,23.020527859237536,396,421,160,380,176,53,163,121,335,245,110,160,59,151,126,169,31,7,157,2017,"Arts, Entertainment,<br>Recreation, Accommodation &<br>Food Services"
Other Services,4.188300449982693,5.8160668847691745,7.285546415981199,5.777961205117623,6.418219461697722,7.08955223880597,6.026200873362446,5.147759771210676,2.875882946518668,4.919845218352681,7.8595317725752505,5.418250950570342,6.282722513089006,10.906040268456376,9.578544061302683,7.82122905027933,5.142857142857143,1.9943019943019944,2.4926686217008798,121,160,186,140,93,38,69,54,57,89,47,57,36,130,50,56,9,7,17,2017,Other Services
Public Administration,1.8691588785046729,2.980734278444202,3.2119075597336466,2.022286421791168,4.485852311939269,4.850746268656716,3.7554585152838427,4.385128693994281,4.540867810292633,3.7037037037037037,11.37123745819398,0.0,9.598603839441536,1.4261744966442953,0.7662835249042146,6.843575418994414,8.0,2.2792022792022792,0.0,54,82,82,49,65,26,43,46,90,67,68,0,55,17,4,49,14,8,0,2017,Public Administration
Agriculture,0.8025682182985554,0.5308168681804777,0.0,0.0,0.0,0.0,0.9823182711198428,0.0,0.0,1.8387553041018387,0.0,0.0,0.0,2.753623188405797,0.0,0.0,3.556771545827633,5.555555555555555,0.0,15,18,0,0,0,0,10,0,0,26,0,0,0,19,0,0,26,51,0,2018,"Agriculture,<br>Forestry, Fishing &<br>Hunting, Mining"
Construction,1.2306046013911183,8.375110586847537,5.342501983602221,2.2037422037422036,0.0,7.450980392156863,0.8840864440078585,2.3796646836127637,0.802675585284281,1.1315417256011315,1.9723865877712032,4.308390022675737,3.309692671394799,1.3043478260869565,3.616636528028933,4.374057315233785,0.0,7.189542483660131,0.0,23,284,202,53,0,76,9,44,12,16,10,19,14,9,20,29,0,66,0,2018,Construction
Manufacturing,5.1899411449973245,0.9731642583308758,6.294631049986776,1.787941787941788,2.4859663191659984,9.607843137254902,2.848722986247544,1.9469983775013522,2.0066889632107023,2.758132956152758,0.0,3.6281179138321997,7.5650118203309695,1.3043478260869565,1.8083182640144666,1.8099547511312217,0.0,6.862745098039215,2.6315789473684212,97,33,238,43,31,98,29,36,30,39,0,16,32,9,10,12,0,63,5,2018,Manufacturing
Wholesale,5.457463884430177,0.4718372161604247,0.0,0.5405405405405406,0.0,0.0,0.0,1.2439156300703083,2.140468227424749,0.49504950495049505,0.0,2.0408163265306123,5.91016548463357,6.811594202898551,0.0,0.0,2.462380300957592,0.0,0.0,102,16,0,13,0,0,0,23,32,7,0,9,25,47,0,0,18,0,0,2018,Wholesale Trade
Retail,10.058855002675227,13.12297257446181,7.696376619941814,13.180873180873181,13.151563753007217,7.450980392156863,2.2593320235756384,17.03623580313683,5.016722408026756,3.4653465346534653,2.9585798816568047,6.575963718820861,7.801418439716312,4.492753623188406,6.509945750452079,11.463046757164404,7.934336525307797,12.418300653594772,3.6842105263157894,188,445,291,317,164,76,23,315,75,49,15,29,33,31,36,76,58,114,7,2018,Retail Trade
Transportation,0.42803638309256287,4.2465349454438215,1.4546416291986246,0.5405405405405406,0.0,0.9803921568627451,2.9469548133595285,0.8653326122228231,0.20066889632107024,0.9193776520509194,0.0,0.0,0.0,4.057971014492754,8.499095840867993,0.0,0.0,1.4161220043572984,0.0,8,144,55,13,0,10,30,16,3,13,0,0,0,28,47,0,0,13,0,2018,"Transportation,<br>Warehousing, Utilities"
Information,0.48154093097913325,2.241226776762017,2.7241470510446972,2.7027027027027026,1.202886928628709,4.117647058823529,1.8664047151277015,3.8399134667387775,1.4046822742474916,2.758132956152758,2.366863905325444,0.0,5.4373522458628845,2.318840579710145,7.956600361663653,1.2066365007541477,2.0519835841313268,0.0,0.0,9,76,103,65,15,42,19,71,21,39,12,0,23,16,44,8,15,0,0,2018,Information
Finance & Insurance,3.691813804173355,3.8926570333235033,1.8513620735255223,3.451143451143451,10.425020048115478,2.3529411764705883,5.992141453831041,3.623580313683072,6.488294314381271,6.435643564356436,9.467455621301776,0.0,2.127659574468085,0.8695652173913043,2.3508137432188065,0.0,1.231190150478796,5.119825708061002,0.0,69,132,70,83,130,24,61,67,97,91,48,0,9,6,13,0,9,47,0,2018,"Finance &<br>Insurance, Real Estate,<br>Rental & Leasing"
Professional,10.700909577314071,8.876437629017989,15.048928854800318,15.093555093555093,11.948676824378508,23.431372549019606,11.296660117878192,7.9502433747971875,13.779264214046822,13.224893917963225,16.962524654832347,16.55328798185941,17.96690307328605,13.623188405797102,5.424954792043399,11.463046757164404,6.292749658002736,7.189542483660131,14.210526315789474,200,301,569,363,149,239,115,147,206,187,86,73,76,94,30,76,46,66,27,2018,"Professional, Scientific,<br>Management, Administrative,<br>Waste Management Services"
Education & Healthcare,44.141252006420544,33.97227956355057,34.38243850833113,39.002079002079,27.506014434643145,27.941176470588236,50.68762278978389,39.75121687398594,39.531772575250834,37.62376237623762,51.08481262327416,34.69387755102041,47.04491725768322,45.79710144927536,52.079566003616634,33.484162895927604,47.60601915184679,36.05664488017429,49.473684210526315,825,1152,1300,938,343,285,516,735,591,532,259,153,199,316,288,222,348,331,94,2018,"Educational Services,<br>Health Care & Social Assistance"
Entertainment,8.721241305510969,14.567974048953111,15.366305210261835,13.388773388773389,19.727345629510825,5.392156862745098,12.86836935166994,10.65440778799351,13.578595317725753,19.165487977369164,11.045364891518737,10.884353741496598,2.8368794326241136,7.391304347826087,4.882459312839059,25.339366515837103,19.01504787961696,16.55773420479303,15.789473684210526,163,494,581,322,246,55,131,197,203,271,56,48,12,51,27,168,139,152,30,2018,"Arts, Entertainment,<br>Recreation, Accommodation &<br>Food Services"
Other Services,4.066345639379347,6.428782070185786,7.590584501454642,4.948024948024948,6.255012028869286,5.490196078431373,6.974459724950884,6.381828015143321,5.48494983277592,5.586987270155587,2.366863905325444,17.006802721088434,0.0,7.681159420289855,1.2658227848101267,10.256410256410257,7.523939808481532,1.6339869281045751,7.894736842105263,76,218,287,119,78,56,71,118,82,79,12,75,0,53,7,68,55,15,15,2018,Other Services
Public Administration,5.029427501337613,2.30020642878207,2.24808251785242,3.1600831600831603,7.297514033680834,5.784313725490196,0.3929273084479371,4.3266630611141155,9.565217391304348,4.596888260254597,1.7751479289940828,4.308390022675737,0.0,1.5942028985507246,5.605786618444847,0.6033182503770739,2.3255813953488373,0.0,6.315789473684211,94,78,85,76,91,59,4,80,143,65,9,19,0,11,31,4,17,0,12,2018,Public Administration
Agriculture,0.691358024691358,1.616094986807388,0.0,0.0,1.3173652694610778,0.8438818565400844,0.0,0.0,0.0,2.02854996243426,0.0,0.0,0.0,0.0,0.0,0.0,2.1306818181818183,0.0,0.0,14,49,0,0,22,12,0,0,0,27,0,0,0,0,0,0,15,0,0,2019,"Agriculture,<br>Forestry, Fishing &<br>Hunting, Mining"
Construction,3.506172839506173,4.5514511873350925,1.709712622771917,4.18848167539267,0.0,5.485232067510548,5.322371267849416,6.171809841534612,8.695652173913043,2.1788129226145756,2.5700934579439254,2.0618556701030926,0.0,0.0,3.753910323253389,2.0985401459854014,4.6875,0.0,0.0,71,138,47,48,0,78,123,74,164,29,11,16,0,0,36,23,33,0,0,2019,Construction
Manufacturing,2.271604938271605,8.970976253298153,2.8010185522008,5.322862129144852,0.8982035928143712,1.4064697609001406,4.586758978797057,5.337781484570475,1.4846235418875928,2.4042073628850487,0.0,0.12886597938144329,12.927756653992395,0.0,7.507820646506778,6.843065693430657,1.5625,0.0,3.400735294117647,46,272,77,61,15,20,106,64,28,32,0,1,34,0,72,75,11,0,37,2019,Manufacturing
Wholesale,0.0,0.758575197889182,0.0,3.2286212914485164,1.377245508982036,2.390998593530239,0.0,0.0,1.1664899257688228,0.0,0.0,0.0,0.0,0.0,0.0,0.0,4.829545454545454,0.0,1.9301470588235294,0,23,0,37,23,34,0,0,22,0,0,0,0,0,0,0,34,0,21,2019,Wholesale Trade
Retail,7.950617283950617,12.302110817941953,6.329574390687522,10.471204188481675,5.62874251497006,8.931082981715893,13.111207269580268,10.008340283569641,6.415694591728526,2.479338842975207,3.5046728971962615,18.04123711340206,3.041825095057034,3.676470588235294,6.569343065693431,2.8284671532846715,3.2670454545454546,5.913978494623656,10.661764705882353,161,373,174,120,94,127,303,120,121,33,15,140,8,15,63,31,23,22,116,2019,Retail Trade
Transportation,0.691358024691358,0.3627968337730871,1.1276827937431793,1.1343804537521816,0.0,1.6877637130801688,1.6010385114668975,0.0,6.574761399787911,0.0,3.2710280373831777,0.0,0.38022813688212925,0.0,3.1282586027111576,0.0,3.409090909090909,10.483870967741936,2.0220588235294117,14,11,31,13,0,24,37,0,124,0,14,0,1,0,30,0,24,39,22,2019,"Transportation,<br>Warehousing, Utilities"
Information,4.0,2.8693931398416885,3.2739177882866497,0.7853403141361257,2.5748502994011977,3.3052039381153304,1.4279532669839896,5.087572977481234,1.855779427359491,3.5311795642374153,3.0373831775700935,0.0,3.041825095057034,1.2254901960784315,5.005213764337852,0.0,0.42613636363636365,0.0,2.6654411764705883,81,87,90,9,43,47,33,61,35,47,13,0,8,5,48,0,3,0,29,2019,Information
Finance & Insurance,6.222222222222222,4.0237467018469655,3.346671516915242,5.061082024432809,0.23952095808383234,8.29817158931083,7.009952401557767,2.2518765638031693,2.4920466595970305,6.6115702479338845,11.91588785046729,3.6082474226804124,0.0,3.676470588235294,2.3983315954118876,0.9124087591240876,0.9943181818181818,4.301075268817204,6.4338235294117645,126,122,92,58,4,118,162,27,47,88,51,28,0,15,23,10,7,16,70,2019,"Finance &<br>Insurance, Real Estate,<br>Rental & Leasing"
Professional,12.0,12.137203166226913,9.057839214259731,17.277486910994764,5.688622754491018,10.970464135021096,10.990913024664648,15.679733110925772,7.688229056203605,17.58076634109692,24.53271028037383,10.051546391752577,20.53231939163498,11.519607843137255,13.034410844629823,12.043795620437956,11.931818181818182,17.741935483870968,21.59926470588235,243,368,249,198,95,156,254,188,145,234,105,78,54,47,125,132,84,66,235,2019,"Professional, Scientific,<br>Management, Administrative,<br>Waste Management Services"
Education & Healthcare,45.629629629629626,33.57519788918206,44.23426700618407,37.26003490401396,56.52694610778443,35.09142053445851,33.79489398528776,34.445371142618846,34.25238600212089,33.65890308039069,33.64485981308411,23.711340206185568,39.543726235741445,58.8235294117647,37.330552659019816,44.981751824817515,43.46590909090909,36.02150537634409,33.91544117647059,924,1018,1216,427,944,499,781,413,646,448,144,184,104,240,358,493,306,134,369,2019,"Educational Services,<br>Health Care & Social Assistance"
Entertainment,6.172839506172839,13.060686015831134,21.062204437977446,6.719022687609075,18.143712574850298,12.587904360056259,14.755517092167892,9.841534612176813,13.149522799575822,18.8580015026296,12.850467289719626,17.912371134020617,12.167300380228136,13.970588235294118,6.569343065693431,19.06934306569343,14.488636363636363,16.397849462365592,9.283088235294118,125,396,579,77,303,179,341,118,248,251,55,139,32,57,63,209,102,61,101,2019,"Arts, Entertainment,<br>Recreation, Accommodation &<br>Food Services"
Other Services,4.395061728395062,2.770448548812665,5.0927610040014555,4.101221640488657,4.491017964071856,5.274261603375527,5.668541756815231,9.007506255212677,12.831389183457052,6.235912847483095,3.0373831775700935,16.88144329896907,4.562737642585551,7.107843137254902,10.844629822732012,9.032846715328468,6.818181818181818,9.13978494623656,5.147058823529412,89,84,140,47,75,75,131,108,242,83,13,131,12,29,104,99,48,34,56,2019,Other Services
Public Administration,6.469135802469136,3.0013192612137205,1.9643506729719897,4.450261780104712,3.1137724550898205,3.727144866385373,1.7308524448290783,2.1684737281067554,3.393425238600212,4.432757325319309,1.6355140186915889,7.603092783505154,3.802281368821293,0.0,3.8581856100104277,2.18978102189781,1.9886363636363635,0.0,2.9411764705882355,131,91,54,51,52,53,40,26,64,59,7,59,10,0,37,24,14,0,32,2019,Public Administration
