Age,Male,Female,Malect,Femalect,Year,Total,Totalct,ag
0 to 4,2.7540888556036043,2.7081873746768776,1140,1121,2009,5.462276230280482,2261,"(2,261 : 5.46%)"
5 to 9,2.4883434397120285,2.2564201676611986,1030,934,2009,4.744763607373227,1964,"(1,964 : 4.74%)"
10 to 14,2.019665160775977,1.6597009156137512,836,687,2009,3.6793660763897282,1523,"(1,523 : 3.68%)"
15 to 19,3.6600391370521588,4.1770347643321335,1515,1729,2009,7.837073901384292,3244,"(3,244 : 7.84%)"
20 to 24,11.192713743869737,12.154228975913801,4633,5031,2009,23.346942719783538,9664,"(9,664 : 23.35%)"
25 to 29,3.6093059212910394,4.363056555456237,1494,1806,2009,7.972362476747277,3300,"(3,300 : 7.97%)"
30 to 34,2.795158601695939,2.7323460488488394,1157,1131,2009,5.5275046505447785,2288,"(2,288 : 5.53%)"
35 to 39,2.65020655666417,3.029497741163965,1097,1254,2009,5.679704297828135,2351,"(2,351 : 5.68%)"
40 to 44,2.2540043002440027,2.2564201676611986,933,934,2009,4.510424467905201,1867,"(1,867 : 4.51%)"
45 to 49,2.3409755272630637,2.645374821829778,969,1095,2009,4.986350349092842,2064,"(2,064 : 4.99%)"
50 to 54,2.3675500688522213,2.5004227767980094,980,1035,2009,4.867972845650231,2015,"(2,015 : 4.87%)"
55 to 59,2.0003382214384073,2.258836035078395,828,935,2009,4.259174256516802,1763,"(1,763 : 4.26%)"
60 to 64,1.4809267267412365,2.0172492933587804,613,835,2009,3.4981760201000167,1448,"(1,448 : 3.50%)"
65 to 69,1.4930060638272171,1.9568526079288768,618,810,2009,3.449858671756094,1428,"(1,428 : 3.45%)"
70 to 74,1.0678133984006957,1.5993042301838476,442,662,2009,2.6671176285845433,1104,"(1,104 : 2.67%)"
75 to 79,1.0509023264803228,2.0365762326963495,435,843,2009,3.087478559176672,1278,"(1,278 : 3.09%)"
80 to 84,1.0412388568115383,1.2924890681999373,431,535,2009,2.3337279250114755,966,(966 : 2.33%)
85 and up,0.41311332834054065,1.676611987534124,171,694,2009,2.0897253158746647,865,(865 : 2.09%)
0 to 4,2.6569191094707456,2.4629143303286254,1123,1041,2010,5.119833439799371,2164,"(2,164 : 5.12%)"
5 to 9,2.2736413750680198,1.7744339555681738,961,750,2010,4.048075330636194,1711,"(1,711 : 4.05%)"
10 to 14,1.7980930749757493,1.6466747107672652,760,696,2010,3.4447677857430143,1456,"(1,456 : 3.44%)"
15 to 19,4.937658220361038,5.399011048808763,2087,2282,2010,10.3366692691698,4369,"(4,369 : 10.34%)"
20 to 24,9.662384366053896,11.325620460406464,4084,4787,2010,20.98800482646036,8871,"(8,871 : 20.99%)"
25 to 29,5.427401992097854,5.268885892067098,2294,2227,2010,10.696287884164953,4521,"(4,521 : 10.70%)"
30 to 34,3.2838857737715004,3.014171812525138,1388,1274,2010,6.298057586296638,2662,"(2,662 : 6.30%)"
35 to 39,2.8674852721981687,2.957389925946956,1212,1250,2010,5.824875198145125,2462,"(2,462 : 5.82%)"
40 to 44,2.122223010859536,2.2736413750680198,897,961,2010,4.395864385927556,1858,"(1,858 : 4.40%)"
45 to 49,2.5599167198996855,2.6403577258854427,1082,1116,2010,5.200274445785128,2198,"(2,198 : 5.20%)"
50 to 54,2.491305273617716,2.7539214990418057,1053,1164,2010,5.245226772659522,2217,"(2,217 : 5.25%)"
55 to 59,2.4392552109210497,2.562282631840443,1031,1083,2010,5.0015378427614925,2114,"(2,114 : 5.00%)"
60 to 64,1.566233704781508,2.1293207466818087,662,900,2010,3.695554451463317,1562,"(1,562 : 3.70%)"
65 to 69,1.2752265360683275,1.691627037641659,539,715,2010,2.9668535737099866,1254,"(1,254 : 2.97%)"
70 to 74,0.8801192419618142,1.2066150897863581,372,510,2010,2.0867343317481724,882,(882 : 2.09%)
75 to 79,0.7145054061087847,0.9960489270589349,302,421,2010,1.7105543331677195,723,(723 : 1.71%)
80 to 84,0.6127711926562094,0.9960489270589349,259,421,2010,1.6088201197151442,680,(680 : 1.61%)
85 and up,0.3028367284169683,1.0291716942295408,128,435,2010,1.332008422646509,563,(563 : 1.33%)
0 to 4,2.7433462743814023,2.5047944244351936,1173,1071,2011,5.248140698816596,2244,"(2,244 : 5.25%)"
5 to 9,2.053416904438935,1.5038121521118855,878,643,2011,3.5572290565508204,1521,"(1,521 : 3.56%)"
10 to 14,1.8288975162542682,1.8780111324196642,782,803,2011,3.7069086486739327,1585,"(1,585 : 3.71%)"
15 to 19,4.569905047008747,3.8940081388278216,1954,1665,2011,8.463913185836567,3619,"(3,619 : 8.46%)"
20 to 24,10.108049955563871,12.828008793676037,4322,5485,2011,22.93605874923991,9807,"(9,807 : 22.94%)"
25 to 29,5.524112446793582,5.22475326254736,2362,2234,2011,10.748865709340942,4596,"(4,596 : 10.75%)"
30 to 34,3.475373029608494,3.1760138453622715,1486,1358,2011,6.651386874970766,2844,"(2,844 : 6.65%)"
35 to 39,2.8345572758314233,2.9912530988353057,1212,1279,2011,5.8258103746667285,2491,"(2,491 : 5.83%)"
40 to 44,2.130595444127415,2.275597548996679,911,973,2011,4.406192993124094,1884,"(1,884 : 4.41%)"
45 to 49,2.3808410122082417,2.6147153749006034,1018,1118,2011,4.995556387108845,2136,"(2,136 : 5.00%)"
50 to 54,2.458019551896721,2.684877683708312,1051,1148,2011,5.142897235605033,2199,"(2,199 : 5.14%)"
55 to 59,2.1493053931428037,2.58665045137752,919,1106,2011,4.735955844520324,2025,"(2,025 : 4.74%)"
60 to 64,1.9481734412273726,2.1212404696197202,833,907,2011,4.069413910847093,1740,"(1,740 : 4.07%)"
65 to 69,1.286308994807989,1.6113943589503719,550,689,2011,2.897703353758361,1239,"(1,239 : 2.90%)"
70 to 74,0.7975115767809533,1.2512278404041348,341,535,2011,2.048739417185088,876,(876 : 2.05%)
75 to 79,0.762430422377099,0.9167875017540578,326,392,2011,1.679217924131157,718,(718 : 1.68%)
80 to 84,0.6104120866270639,0.9448524252771411,261,404,2011,1.555264511904205,665,(665 : 1.56%)
85 and up,0.30169792787314653,1.0290471958463914,129,440,2011,1.330745123719538,569,(569 : 1.33%)
0 to 4,2.801749068782824,2.5056104388867038,1211,1083,2012,5.307359507669528,2294,"(2,294 : 5.31%)"
5 to 9,2.1076741549637923,1.5431598917243134,911,667,2012,3.6508340466881055,1578,"(1,578 : 3.65%)"
10 to 14,1.8601207690350046,1.9225875112787174,804,831,2012,3.782708280313722,1635,"(1,635 : 3.78%)"
15 to 19,4.208407560789395,3.324618837193161,1819,1437,2012,7.533026397982556,3256,"(3,256 : 7.53%)"
20 to 24,9.698540129097934,12.715452421164658,4192,5496,2012,22.41399255026259,9688,"(9,688 : 22.41%)"
25 to 29,5.746940286421581,5.476251070032159,2484,2367,2012,11.22319135645374,4851,"(4,851 : 11.22%)"
30 to 34,3.794276195544039,3.5328413113388706,1640,1527,2012,7.32711750688291,3167,"(3,167 : 7.33%)"
35 to 39,2.8665293940726,2.8850380584411077,1239,1247,2012,5.751567452513708,2486,"(2,486 : 5.75%)"
40 to 44,2.142377900654744,2.4246350322744834,926,1048,2012,4.567012932929227,1974,"(1,974 : 4.57%)"
45 to 49,2.4038127848599125,2.57039076417648,1039,1111,2012,4.9742035490363925,2150,"(2,150 : 4.97%)"
50 to 54,2.4454572796890544,2.6305439233741295,1057,1137,2012,5.076001203063184,2194,"(2,194 : 5.08%)"
55 to 59,2.1840223954838858,2.426948615320547,944,1049,2012,4.610971010804432,1993,"(1,993 : 4.61%)"
60 to 64,2.0498345788122063,2.385304120491405,886,1031,2012,4.435138699303611,1917,"(1,917 : 4.44%)"
65 to 69,1.2655299261967008,1.5501006408625038,547,670,2012,2.8156305670592046,1217,"(1,217 : 2.82%)"
70 to 74,0.8606528931355991,1.272470675334891,372,550,2012,2.13312356847049,922,(922 : 2.13%)
75 to 79,0.7681095712930616,0.9254332184253754,332,400,2012,1.693542789718437,732,(732 : 1.69%)
80 to 84,0.4974203549036393,1.0226037063600397,215,442,2012,1.520024061263679,657,(657 : 1.52%)
85 and up,0.36323253823195983,0.8213219813525207,157,355,2012,1.1845545195844804,512,(512 : 1.18%)
0 to 4,2.7918374825367014,2.581132766873554,1219,1127,2013,5.372970249410256,2346,"(2,346 : 5.37%)"
5 to 9,2.2513340814877587,1.4978356961271557,983,654,2013,3.7491697776149144,1637,"(1,637 : 3.75%)"
10 to 14,1.6673155761170786,1.9833726496117994,728,866,2013,3.650688225728878,1594,"(1,594 : 3.65%)"
15 to 19,4.660696699722878,2.9727687057691865,2035,1298,2013,7.633465405492064,3333,"(3,333 : 7.63%)"
20 to 24,8.71447220758995,12.216292971165517,3805,5334,2013,20.930765178755465,9139,"(9,139 : 20.93%)"
25 to 29,5.876829352082999,5.679866248310927,2566,2480,2013,11.556695600393926,5046,"(5,046 : 11.56%)"
30 to 34,4.003389597599798,3.923230194901862,1748,1713,2013,7.92661979250166,3461,"(3,461 : 7.93%)"
35 to 39,3.0529281084671234,2.7758056019971145,1333,1212,2013,5.828733710464238,2545,"(2,545 : 5.83%)"
40 to 44,2.2307216636511464,2.578842498225042,974,1126,2013,4.809564161876189,2100,"(2,100 : 4.81%)"
45 to 49,2.342944827428257,2.5009733641756178,1023,1092,2013,4.8439181916038745,2115,"(2,115 : 4.84%)"
50 to 54,2.448297185259831,2.6544213636259535,1069,1159,2013,5.102718548885784,2228,"(2,228 : 5.10%)"
55 to 59,2.2994297231065204,2.432265304720244,1004,1062,2013,4.731695027826764,2066,"(2,066 : 4.73%)"
60 to 64,2.063532052309736,2.49410255823008,901,1089,2013,4.557634610539816,1990,"(1,990 : 4.56%)"
65 to 69,1.3329363534342578,1.4085152188351693,582,615,2013,2.741451572269427,1197,"(1,197 : 2.74%)"
70 to 74,0.8588507431921765,1.3993541442411195,375,611,2013,2.258204887433296,986,(986 : 2.26%)
75 to 79,0.8015940269793647,0.9642031010237501,350,421,2013,1.7657971280031148,771,(771 : 1.77%)
80 to 84,0.428280237271832,0.9619128323752376,187,420,2013,1.3901930696470697,607,(607 : 1.39%)
85 and up,0.3916359388956325,0.7580789226576278,171,331,2013,1.1497148615532602,502,(502 : 1.15%)
0 to 4,2.7143017638467586,2.7906976744186047,1208,1242,2014,5.504999438265363,2450,"(2,450 : 5.50%)"
5 to 9,2.121109987641838,1.7481181889675317,944,778,2014,3.8692281766093695,1722,"(1,722 : 3.87%)"
10 to 14,1.7705875744298394,1.952589596674531,788,869,2014,3.7231771711043704,1657,"(1,657 : 3.72%)"
15 to 19,4.46241995281429,2.77721604314122,1986,1236,2014,7.23963599595551,3222,"(3,222 : 7.24%)"
20 to 24,8.410290978541736,11.634647792382879,3743,5178,2014,20.044938770924617,8921,"(8,921 : 20.04%)"
25 to 29,5.8128300190989775,5.801595326367824,2587,2582,2014,11.614425345466802,5169,"(5,169 : 11.61%)"
30 to 34,4.125379170879676,4.091675092686215,1836,1821,2014,8.217054263565892,3657,"(3,657 : 8.22%)"
35 to 39,3.1614425345466803,2.9412425570160656,1407,1309,2014,6.102685091562746,2716,"(2,716 : 6.10%)"
40 to 44,2.36377935063476,2.561509942703067,1052,1140,2014,4.925289293337827,2192,"(2,192 : 4.93%)"
45 to 49,2.368273227727222,2.5772385125266823,1054,1147,2014,4.945511740253904,2201,"(2,201 : 4.95%)"
50 to 54,2.3502977193573757,2.617683406358836,1046,1165,2014,4.967981125716212,2211,"(2,211 : 4.97%)"
55 to 59,2.703067071115605,2.723289518031682,1203,1212,2014,5.426356589147287,2415,"(2,415 : 5.43%)"
60 to 64,1.8447365464554544,2.3907426131895293,821,1064,2014,4.235479159644983,1885,"(1,885 : 4.24%)"
65 to 69,1.3773733288394563,1.444781485226379,613,643,2014,2.8221548140658355,1256,"(1,256 : 2.82%)"
70 to 74,0.8807999101224582,1.370632513200764,392,610,2014,2.251432423323222,1002,"(1,002 : 2.25%)"
75 to 79,0.6987978878777665,0.7841815526345355,311,349,2014,1.482979440512302,660,(660 : 1.48%)
80 to 84,0.4448938321536906,1.013369284350073,198,451,2014,1.4582631165037636,649,(649 : 1.46%)
85 and up,0.39096730704415233,0.7774407369958432,174,346,2014,1.1684080440399955,520,(520 : 1.17%)
0 to 4,2.626208854582557,2.8591074438825306,1184,1289,2015,5.485316298465087,2473,"(2,473 : 5.49%)"
5 to 9,2.198119066631177,1.8387898145683612,991,829,2015,4.036908881199539,1820,"(1,820 : 4.04%)"
10 to 14,1.7522846242569425,1.847662141779789,790,833,2015,3.5999467660367315,1623,"(1,623 : 3.60%)"
15 to 19,4.07905243545382,2.6683524088368378,1839,1203,2015,6.747404844290657,3042,"(3,042 : 6.75%)"
20 to 24,8.182503770739064,10.278591074438825,3689,4634,2015,18.46109484517789,8323,"(8,323 : 18.46%)"
25 to 29,5.953331558867891,6.097506876053589,2684,2749,2015,12.05083843492148,5433,"(5,433 : 12.05%)"
30 to 34,4.2121373436252325,4.311951024753793,1899,1944,2015,8.524088368379026,3843,"(3,843 : 8.52%)"
35 to 39,3.0387720699139384,3.1408038328453554,1370,1416,2015,6.179575902759294,2786,"(2,786 : 6.18%)"
40 to 44,2.6905332268654067,2.6750066542454087,1213,1206,2015,5.3655398811108155,2419,"(2,419 : 5.37%)"
45 to 49,2.544139827876852,2.6683524088368378,1147,1203,2015,5.21249223671369,2350,"(2,350 : 5.21%)"
50 to 54,2.3800017744654425,2.6506077544139828,1073,1195,2015,5.030609528879426,2268,"(2,268 : 5.03%)"
55 to 59,2.7703841717682547,2.821400053233963,1249,1272,2015,5.591784225002218,2521,"(2,521 : 5.59%)"
60 to 64,2.0184544405997693,2.506432437228285,910,1130,2015,4.524886877828054,2040,"(2,040 : 4.52%)"
65 to 69,1.3264129181084199,1.4905509715198297,598,672,2015,2.8169638896282496,1270,"(1,270 : 2.82%)"
70 to 74,1.0003548930884572,1.401827699405554,451,632,2015,2.402182592494011,1083,"(1,083 : 2.40%)"
75 to 79,0.6676426226599237,0.7585839765770561,301,342,2015,1.4262265992369798,643,(643 : 1.43%)
80 to 84,0.481323751219945,0.9670836660456038,217,436,2015,1.4484074172655488,653,(653 : 1.45%)
85 and up,0.36820157927424363,0.7275308313370598,166,328,2015,1.0957324106113033,494,(494 : 1.10%)
0 to 4,2.580262637797005,2.933813518380254,1175,1336,2016,5.514076156177259,2511,"(2,511 : 5.51%)"
5 to 9,2.4001932452018093,1.7150511660591155,1093,781,2016,4.1152444112609246,1874,"(1,874 : 4.12%)"
10 to 14,1.7216390706662568,1.963195572928104,784,894,2016,3.684834643594361,1678,"(1,678 : 3.68%)"
15 to 19,3.030436119284993,2.714216698142211,1380,1236,2016,5.744652817427204,2616,"(2,616 : 5.74%)"
20 to 24,8.753129254688393,9.537089902938206,3986,4343,2016,18.2902191576266,8329,"(8,329 : 18.29%)"
25 to 29,5.951073828450964,6.232157758355659,2710,2838,2016,12.183231586806624,5548,"(5,548 : 12.18%)"
30 to 34,4.3348412314989675,4.464403355439413,1974,2033,2016,8.79924458693838,4007,"(4,007 : 8.80%)"
35 to 39,2.975536914225482,3.337871667618253,1355,1520,2016,6.313408581843735,2875,"(2,875 : 6.31%)"
40 to 44,2.7932715534279065,2.5275594009398743,1272,1151,2016,5.32083095436778,2423,"(2,423 : 5.32%)"
45 to 49,2.6110061926303305,2.683473143308885,1189,1222,2016,5.294479335939215,2411,"(2,411 : 5.29%)"
50 to 54,2.3826254995827663,2.6768852387017437,1085,1219,2016,5.05951073828451,2304,"(2,304 : 5.06%)"
55 to 59,3.063375642320699,2.6812771751065045,1395,1221,2016,5.744652817427204,2616,"(2,616 : 5.74%)"
60 to 64,1.8402213535948,2.6812771751065045,838,1221,2016,4.521498528701304,2059,"(2,059 : 4.52%)"
65 to 69,1.3944398085115728,1.6272124379638984,635,741,2016,3.021652246475471,1376,"(1,376 : 3.02%)"
70 to 74,1.1023760375949756,1.4185954587377574,502,646,2016,2.520971496332733,1148,"(1,148 : 2.52%)"
75 to 79,0.6873380473450744,0.6456146514998463,313,294,2016,1.3329526988449207,607,(607 : 1.33%)
80 to 84,0.4831130045236945,0.8564275989283675,220,390,2016,1.339540603452062,610,(610 : 1.34%)
85 and up,0.33159119855944486,0.8674074399402697,151,395,2016,1.1989986384997144,546,(546 : 1.20%)
0 to 4,2.435089379826618,3.0825822272893495,1132,1433,2017,5.517671607115968,2565,"(2,565 : 5.52%)"
5 to 9,2.2264288940994255,2.013466130316002,1035,936,2017,4.239895024415428,1971,"(1,971 : 4.24%)"
10 to 14,2.0048615742035407,2.0736980231032334,932,964,2017,4.078559597306774,1896,"(1,896 : 4.08%)"
15 to 19,3.4611826962376577,3.4482758620689653,1609,1603,2017,6.909458558306623,3212,"(3,212 : 6.91%)"
20 to 24,7.240733968636393,8.008690601673587,3366,3723,2017,15.24942457030998,7089,"(7,089 : 15.25%)"
25 to 29,6.244756598618968,6.1113859788758145,2903,2841,2017,12.356142577494783,5744,"(5,744 : 12.36%)"
30 to 34,4.267859831780928,4.4636134833394285,1984,2075,2017,8.731473315120358,4059,"(4,059 : 8.73%)"
35 to 39,2.9470604685180803,3.5278680061092347,1370,1640,2017,6.4749284746273155,3010,"(3,010 : 6.47%)"
40 to 44,2.9147933830963497,2.372706348011272,1355,1103,2017,5.287499731107621,2458,"(2,458 : 5.29%)"
45 to 49,2.6093316411039646,2.680319229031772,1213,1246,2017,5.289650870135737,2459,"(2,459 : 5.29%)"
50 to 54,2.3813109041237337,2.796480736550003,1107,1300,2017,5.177791640673737,2407,"(2,407 : 5.18%)"
55 to 59,3.396648525394196,2.7642136511282724,1579,1285,2017,6.1608621765224685,2864,"(2,864 : 6.16%)"
60 to 64,1.5810871856648094,2.5641577215135416,735,1192,2017,4.145244907178351,1927,"(1,927 : 4.15%)"
65 to 69,1.5552735173274248,1.8822466496009638,723,875,2017,3.4375201669283886,1598,"(1,598 : 3.44%)"
70 to 74,1.2455094972788092,1.5316109880181557,579,712,2017,2.777120485296965,1291,"(1,291 : 2.78%)"
75 to 79,0.66685309871577,0.8217351087400778,310,382,2017,1.4885882074558479,692,(692 : 1.49%)
80 to 84,0.5528427302256544,0.7270849915030009,257,338,2017,1.2799277217286553,595,(595 : 1.28%)
85 and up,0.3162174371329619,1.0820229311420397,147,503,2017,1.3982403682750015,650,(650 : 1.40%)
0 to 4,2.65294842906339,2.818757705879852,1248,1326,2018,5.471706134943242,2574,"(2,574 : 5.47%)"
5 to 9,2.359593554695804,1.9918370817567281,1110,937,2018,4.351430636452532,2047,"(2,047 : 4.35%)"
10 to 14,2.013094681348582,1.726117086858552,947,812,2018,3.7392117682071344,1759,"(1,759 : 3.74%)"
15 to 19,3.6456783300029763,3.6839420092683133,1715,1733,2018,7.3296203392712895,3448,"(3,448 : 7.33%)"
20 to 24,7.399770417924408,7.669741932740955,3481,3608,2018,15.069512350665363,7089,"(7,089 : 15.07%)"
25 to 29,5.688533650780154,5.992517324943667,2676,2819,2018,11.68105097572382,5495,"(5,495 : 11.68%)"
30 to 34,4.16223800008503,4.351430636452532,1958,2047,2018,8.513668636537563,4005,"(4,005 : 8.51%)"
35 to 39,2.901662344288083,3.92627864461545,1365,1847,2018,6.827940988903533,3212,"(3,212 : 6.83%)"
40 to 44,3.1482504995535905,2.293694995961056,1481,1079,2018,5.441945495514647,2560,"(2,560 : 5.44%)"
45 to 49,2.6593257089409463,2.7507333871859188,1251,1294,2018,5.410059096126865,2545,"(2,545 : 5.41%)"
50 to 54,2.404234513838697,2.757110667063475,1131,1297,2018,5.161345180902172,2428,"(2,428 : 5.16%)"
55 to 59,3.358700735512946,2.7060924280430254,1580,1273,2018,6.064793163555971,2853,"(2,853 : 6.06%)"
60 to 64,1.6474639683686918,2.578546830491901,775,1213,2018,4.226010798860592,1988,"(1,988 : 4.23%)"
65 to 69,1.596445729348242,1.8834233238382723,751,886,2018,3.479869053186514,1637,"(1,637 : 3.48%)"
70 to 74,1.2882105352663578,1.715488287062625,606,807,2018,3.0036988223289827,1413,"(1,413 : 3.00%)"
75 to 79,0.7397644657965222,0.8311721440414949,348,391,2018,1.570936609838017,739,(739 : 1.57%)
80 to 84,0.5739551889800604,0.6844947068577016,270,322,2018,1.258449895837762,592,(592 : 1.26%)
85 and up,0.291229114408401,1.107520938735598,137,521,2018,1.398750053143999,658,(658 : 1.40%)
0 to 4,2.3908612196364873,2.632919993205368,1126,1240,2019,5.023781212841856,2366,"(2,366 : 5.02%)"
5 to 9,1.9704433497536946,2.036266349583829,928,959,2019,4.006709699337524,1887,"(1,887 : 4.01%)"
10 to 14,2.503397316120265,1.8579072532699168,1179,875,2019,4.361304569390182,2054,"(2,054 : 4.36%)"
15 to 19,3.435535926617972,3.3697129267878374,1618,1587,2019,6.805248853405809,3205,"(3,205 : 6.81%)"
20 to 24,7.289366400543571,8.058009172753525,3433,3795,2019,15.347375573297096,7228,"(7,228 : 15.35%)"
25 to 29,5.692627824019025,5.601324953286904,2681,2638,2019,11.293952777305929,5319,"(5,319 : 11.29%)"
30 to 34,4.316714795311704,4.724392729743503,2033,2225,2019,9.041107525055207,4258,"(4,258 : 9.04%)"
35 to 39,3.1255308306437914,3.8368438933242737,1472,1807,2019,6.962374723968065,3279,"(3,279 : 6.96%)"
40 to 44,2.9896381858331917,2.291065058603703,1408,1079,2019,5.280703244436895,2487,"(2,487 : 5.28%)"
45 to 49,2.6520298963818583,2.6732631221335144,1249,1259,2019,5.325293018515373,2508,"(2,508 : 5.33%)"
50 to 54,2.369627993884831,2.698742993035502,1116,1271,2019,5.068370986920333,2387,"(2,387 : 5.07%)"
55 to 59,3.0745710888398166,2.6392899609308644,1448,1243,2019,5.713861049770681,2691,"(2,691 : 5.71%)"
60 to 64,1.8154408017666044,2.6456599286563613,855,1246,2019,4.461100730422966,2101,"(2,101 : 4.46%)"
65 to 69,1.6455749957533548,1.9492101240020383,775,918,2019,3.594785119755393,1693,"(1,693 : 3.59%)"
70 to 74,1.382282996432818,1.8727705112960762,651,882,2019,3.2550535077288942,1533,"(1,533 : 3.26%)"
75 to 79,0.7919993205367759,0.864192288092407,373,407,2019,1.6561916086291828,780,(780 : 1.66%)
80 to 84,0.6242568370986921,0.7282996432818074,294,343,2019,1.3525564803804995,637,(637 : 1.35%)
85 and up,0.3163750636996773,1.1338542551384407,149,534,2019,1.450229318838118,683,(683 : 1.45%)
0 to 4,2.507571425545884,2.7447741279623865,1184,1296,2020,5.25234555350827,2480,"(2,480 : 5.25%)"
5 to 9,2.204714403710528,2.2618971980430778,1041,1068,2020,4.4666116017536055,2109,"(2,109 : 4.47%)"
10 to 14,1.931507719677235,2.0649342397865174,912,975,2020,3.9964419594637524,1887,"(1,887 : 4.00%)"
15 to 19,2.64946947074147,3.280598089671093,1251,1549,2020,5.930067560412564,2800,"(2,800 : 5.93%)"
20 to 24,8.24491179024504,7.8509858737319185,3893,3707,2020,16.095897663976956,7600,"(7,600 : 16.10%)"
25 to 29,4.928309718957156,5.385772073617553,2327,2543,2020,10.314081792574708,4870,"(4,870 : 10.31%)"
30 to 34,4.600038121862888,4.652985153652287,2172,2197,2020,9.253023275515176,4369,"(4,369 : 9.25%)"
35 to 39,3.1662325010059935,3.9117267086007157,1495,1847,2020,7.077959209606709,3342,"(3,342 : 7.08%)"
40 to 44,2.9163225109600357,2.475803206472245,1377,1169,2020,5.392125717432281,2546,"(2,546 : 5.39%)"
45 to 49,2.5732257449647373,2.6240548954825593,1215,1239,2020,5.197280640447296,2454,"(2,454 : 5.20%)"
50 to 54,2.3275515174619312,2.70665226507402,1099,1278,2020,5.034203782535951,2377,"(2,377 : 5.03%)"
55 to 59,2.804074803566512,2.8993794607874284,1324,1369,2020,5.70345426435394,2693,"(2,693 : 5.70%)"
60 to 64,2.1199991528474915,2.403795243238664,1001,1135,2020,4.5237943960861555,2136,"(2,136 : 4.52%)"
65 to 69,1.7853739119384968,2.3254336361903554,843,1098,2020,4.110807548128852,1941,"(1,941 : 4.11%)"
70 to 74,1.529110278077811,1.6731262045449733,722,790,2020,3.2022364826227845,1512,"(1,512 : 3.20%)"
75 to 79,0.7243153948789631,0.9890505538259525,342,467,2020,1.7133659487049155,809,(809 : 1.71%)
80 to 84,0.5781815871402249,0.6396001440159265,273,302,2020,1.2177817311561514,575,(575 : 1.22%)
85 and up,0.37062922252578523,1.1478916491941462,175,542,2020,1.5185208717199314,717,(717 : 1.52%)
0 to 4,2.658969461553319,2.6203403652595663,1239,1221,2021,5.279309826812885,2460,"(2,460 : 5.28%)"
5 to 9,2.317745777625169,2.343498508487671,1080,1092,2021,4.66124428611284,2172,"(2,172 : 4.66%)"
10 to 14,1.91857844925639,1.905702083825139,894,888,2021,3.824280533081529,1782,"(1,782 : 3.82%)"
15 to 19,2.637508852501234,3.5388544326887996,1229,1649,2021,6.176363285190034,2878,"(2,878 : 6.18%)"
20 to 24,7.869605339399532,7.642122883447432,3667,3561,2021,15.511728222846966,7228,"(7,228 : 15.51%)"
25 to 29,4.710603686932635,5.096894649870164,2195,2375,2021,9.807498336802798,4570,"(4,570 : 9.81%)"
30 to 34,4.6462218597763805,4.710603686932635,2165,2195,2021,9.356825546709015,4360,"(4,360 : 9.36%)"
35 to 39,3.2212374187179433,3.7148314269158957,1501,1731,2021,6.936068845633839,3232,"(3,232 : 6.94%)"
40 to 44,2.9680022319033412,2.792025237676245,1383,1301,2021,5.760027469579587,2684,"(2,684 : 5.76%)"
45 to 49,2.725497349614782,2.5752730862501876,1270,1200,2021,5.300770435864969,2470,"(2,470 : 5.30%)"
50 to 54,2.339206386677254,2.6267785479751917,1090,1224,2021,4.965984934652446,2314,"(2,314 : 4.97%)"
55 to 59,2.9014743438418784,3.109642251647102,1352,1449,2021,6.01111659548898,2801,"(2,801 : 6.01%)"
60 to 64,2.1267463570616134,2.296285168573084,991,1070,2021,4.4230315256346975,2061,"(2,061 : 4.42%)"
65 to 69,1.9421851192136832,2.6396549134064426,905,1230,2021,4.581840032620126,2135,"(2,135 : 4.58%)"
70 to 74,1.6889499323990815,1.502242633645943,787,700,2021,3.191192566045024,1487,"(1,487 : 3.19%)"
75 to 79,0.6438182715625469,0.9528510419125695,300,444,2021,1.5966693134751164,744,(744 : 1.60%)
80 to 84,0.5107624954396206,0.7768740476854733,238,362,2021,1.2876365431250938,600,(600 : 1.29%)
85 and up,0.39272914565315364,0.9356825546709016,183,436,2021,1.3284117003240552,619,(619 : 1.33%)
0 to 4,3.0331180193998573,2.171142172006308,1404,1005,2022,5.204260191406165,2409,"(2,409 : 5.20%)"
5 to 9,2.233792045626391,2.2899608978374992,1034,1060,2022,4.52375294346389,2094,"(2,094 : 4.52%)"
10 to 14,1.9810322106764027,1.9831925511460606,917,918,2022,3.9642247618224635,1835,"(1,835 : 3.96%)"
15 to 19,2.585927542180648,3.34636738750027,1197,1549,2022,5.932294929680918,2746,"(2,746 : 5.93%)"
20 to 24,8.459893279180799,8.366998638985503,3916,3873,2022,16.826891918166304,7789,"(7,789 : 16.83%)"
25 to 29,4.296917194149798,4.815398906867722,1989,2229,2022,9.11231610101752,4218,"(4,218 : 9.11%)"
30 to 34,4.614487243189527,4.3898118343450925,2136,2032,2022,9.004299077534618,4168,"(4,168 : 9.00%)"
35 to 39,3.2599537687139493,3.590485860571626,1509,1662,2022,6.850439629285575,3171,"(3,171 : 6.85%)"
40 to 44,2.933742357795589,2.989911210006697,1358,1384,2022,5.923653567802286,2742,"(2,742 : 5.92%)"
45 to 49,2.5664844779537255,2.635615372982782,1188,1220,2022,5.2020998509365075,2408,"(2,408 : 5.20%)"
50 to 54,2.1862645552939144,2.436864049774244,1012,1128,2022,4.623128605068159,2140,"(2,140 : 4.62%)"
55 to 59,2.501674263863985,2.987750869537039,1158,1383,2022,5.489425133401024,2541,"(2,541 : 5.49%)"
60 to 64,2.4584674544708247,2.2402730670353646,1138,1037,2022,4.698740521506189,2175,"(2,175 : 4.70%)"
65 to 69,1.8578928039058955,2.4174209855473223,860,1119,2022,4.275313789453218,1979,"(1,979 : 4.28%)"
70 to 74,1.786601568407181,1.8233273563913672,827,844,2022,3.609928924798548,1671,"(1,671 : 3.61%)"
75 to 79,0.6977899716995398,1.0931322776469572,323,506,2022,1.790922249346497,829,(829 : 1.79%)
80 to 84,0.7755622286072285,0.9095033377260257,359,421,2022,1.685065566333254,780,(780 : 1.69%)
85 and up,0.43854911534057767,0.8446931236362851,203,391,2022,1.2832422389768627,594,(594 : 1.28%)
