Industry,Fry's Spring,Belmont,Venable,Greenbrier,Jefferson Park Ave,Locust Grove,Ridge Street,Barracks / Rugby,Fifeville,North Downtown,Starr Hill,10th & Page,Barracks Road,Lewis Mountain,The Meadows,Johnson Village,Woolen Mills,Rose Hill,Martha Jefferson,Fry's Springct,Belmontct,Venablect,Greenbrierct,Jefferson Park Avect,Locust Grovect,Ridge Streetct,Barracks / Rugbyct,Fifevillect,North Downtownct,Starr Hillct,10th & Pagect,Barracks Roadct,Lewis Mountainct,The Meadowsct,Johnson Villagect,Woolen Millsct,Rose Hillct,Martha Jeffersonct,Year,Desc
Agriculture,0,0,0.882899628,0.692259283,0.945179584,0.529100529,0,0,0,0,1.072705602,0,0,1.639344262,0,0,3.139013453,0,0,0,0,19,11,15,8,0,0,0,0,9,0,0,9,0,0,14,0,0,2013,"Agriculture,<br>Forestry, Fishing &<br>Hunting, Mining"
Construction,3.209191759,6.15199035,2.555762082,1.573316551,0,4.232804233,1.365923796,7.722616233,3.075291622,7.491856678,11.32300358,1.486486486,8.463949843,1.639344262,3.73280943,3.837953092,5.156950673,2.75862069,0,81,153,55,25,0,64,19,98,29,69,95,11,54,9,19,18,23,12,0,2013,Construction
Manufacturing,4.635499208,1.849618014,2.416356877,2.202643172,1.701323251,2.182539683,2.300503235,7.56501182,6.998939555,4.34310532,4.290822408,0,0,0,1.571709234,3.411513859,6.726457399,5.057471264,0,117,46,52,35,27,33,32,96,66,40,36,0,0,0,8,16,30,22,0,2013,Manufacturing
Wholesale,1.069730586,0.241254524,1.25464684,0,0,0,0,0,0,1.08577633,4.52920143,0,2.037617555,0,0,0,7.847533632,0,0,27,6,27,0,0,0,0,0,0,10,38,0,13,0,0,0,35,0,0,2013,Wholesale Trade
Retail,9.825673534,5.307599517,10.26951673,15.54436753,8.254568368,4.62962963,5.319913731,4.570527975,2.120890774,10.8577633,17.52085816,12.97297297,6.5830721,9.107468124,6.483300589,10.23454158,3.811659193,2.988505747,4.615384615,248,132,221,247,131,70,74,58,20,100,147,96,42,50,33,48,17,13,6,2013,Retail Trade
Transportation,2.535657686,1.246481705,0.882899628,1.447451227,2.079395085,3.968253968,3.378864127,0,0,1.520086862,0,0.540540541,0,0,2.750491159,5.756929638,1.34529148,0,0,64,31,19,23,33,60,47,0,0,14,0,4,0,0,14,27,6,0,0,2013,"Transportation,<br>Warehousing, Utilities"
Information,3.24881141,2.211499799,2.555762082,2.076777848,0.56710775,1.322751323,2.94751977,3.940110323,1.590668081,0.760043431,1.430274136,1.891891892,0,11.6575592,4.125736739,4.051172708,2.01793722,0,0,82,55,55,33,9,20,41,50,15,7,12,14,0,64,21,19,9,0,0,2013,Information
Finance & Insurance,2.773375594,5.347808605,0.975836431,5.726872247,1.890359168,2.380952381,2.659956866,3.78250591,5.196182397,3.800217155,4.648390942,2.027027027,5.799373041,0,2.554027505,12.36673774,0,2.988505747,0,70,133,21,91,30,36,37,48,49,35,39,15,37,0,13,58,0,13,0,2013,"Finance &<br>Insurance, Real Estate,<br>Rental & Leasing"
Professional,14.18383518,12.82669883,12.73234201,15.98489616,11.40516698,8.399470899,7.476635514,18.04570528,18.55779427,15.63517915,5.36352801,1.756756757,22.72727273,15.84699454,22.59332024,4.051172708,19.7309417,12.4137931,61.53846154,358,319,274,254,181,127,104,229,175,144,45,13,145,87,115,19,88,54,80,2013,"Professional, Scientific,<br>Management, Administrative,<br>Waste Management Services"
Education & Healthcare,34.38985737,40.00804182,39.54460967,38.01132788,54.25330813,40.34391534,54.56506111,33.33333333,41.03923648,27.57871878,31.94278903,58.37837838,39.02821317,26.59380692,47.93713163,47.97441365,37.44394619,62.52873563,4.615384615,868,995,851,604,861,610,759,423,387,254,268,432,249,146,244,225,167,272,6,2013,"Educational Services,<br>Health Care & Social Assistance"
Entertainment,12.20285261,12.6256534,12.5929368,12.08307111,15.62696912,24.66931217,8.986340762,9.535066982,14.74019088,12.4864278,2.383790226,13.64864865,8.463949843,20.4007286,5.893909627,2.771855011,10.0896861,8.735632184,5.384615385,308,314,271,192,248,373,125,121,139,115,20,101,54,112,30,13,45,38,7,2013,"Arts, Entertainment,<br>Recreation, Accommodation &<br>Food Services"
Other Services,7.844690967,7.559308404,8.782527881,3.020767778,2.709514808,3.174603175,6.973400431,6.067769898,2.757158006,13.13789359,10.01191895,7.297297297,1.880877743,1.4571949,2.357563851,5.543710021,2.69058296,0,4.615384615,198,188,189,48,43,48,97,77,26,121,84,54,12,8,12,26,12,0,6,2013,Other Services
Public Administration,4.080824089,4.624045034,4.553903346,1.636249213,0.56710775,4.166666667,4.025880661,5.437352246,3.923647932,1.302931596,5.482717521,0,5.015673981,11.6575592,0,0,0,2.528735632,19.23076923,103,115,98,26,9,63,56,69,37,12,46,0,32,64,0,0,0,11,25,2013,Public Administration
Agriculture,0.334128878,0.531914894,0,0.333810205,0,0,0,0,0,1.246537396,0,0,1.050788091,0,0,0,1.538461538,0,0,7,12,0,7,0,0,0,0,0,18,0,0,6,0,0,0,10,0,0,2014,"Agriculture,<br>Forestry, Fishing &<br>Hunting, Mining"
Construction,3.484486874,1.817375887,2.98245614,2.050548402,2.070750647,2.213541667,4.574468085,4.444444444,4.082441538,11.56509695,7.399347116,4.566929134,1.401050788,0,0,5.854241338,1.230769231,3.614457831,0,73,41,68,43,24,34,43,42,103,167,68,29,8,0,0,49,8,15,0,2014,Construction
Manufacturing,4.248210024,2.039007092,3.157894737,3.528850739,1.294219154,2.864583333,8.085106383,8.253968254,0.475624257,5.747922438,6.202393906,1.732283465,2.451838879,2.678571429,5.014749263,5.495818399,2.615384615,3.373493976,3.318584071,89,46,72,74,15,44,76,78,12,83,57,11,14,12,17,46,17,14,15,2014,Manufacturing
Wholesale,0.572792363,1.55141844,0.175438596,1.192179304,3.019844694,4.166666667,0,0,0.911613159,2.770083102,0,0,1.401050788,0,0,1.433691756,0,0,0,12,35,4,25,35,64,0,0,23,40,0,0,8,0,0,12,0,0,0,2014,Wholesale Trade
Retail,5.632458234,9.086879433,7.192982456,5.007153076,10.69887834,3.776041667,22.9787234,1.798941799,17.63773286,11.4265928,5.658324266,0,10.85814361,4.241071429,5.604719764,12.06690562,4.461538462,2.891566265,8.849557522,118,205,164,105,124,58,216,17,445,165,52,0,62,19,19,101,29,12,40,2014,Retail Trade
Transportation,5.155131265,1.108156028,1.359649123,2.241297091,3.882657463,0,3.29787234,0,0.515259612,1.523545706,0,4.566929134,1.050788091,6.25,0,1.19474313,7.692307692,0,6.415929204,108,25,31,47,45,0,31,0,13,22,0,29,6,28,0,10,50,0,29,2014,"Transportation,<br>Warehousing, Utilities"
Information,0.76372315,3.368794326,3.026315789,0,4.227782571,3.971354167,0,6.878306878,0.990883868,1.662049861,4.78781284,4.409448819,9.281961471,3.794642857,4.719764012,0.836320191,2.461538462,2.891566265,3.761061947,16,76,69,0,49,61,0,65,25,24,44,28,53,17,16,7,16,12,17,2014,Information
Finance & Insurance,3.150357995,4.875886525,2.368421053,4.673342871,0,2.669270833,0.85106383,4.338624339,0.673801031,2.216066482,2.285092492,8.503937008,0,0,2.064896755,4.898446834,4.307692308,12.53012048,15.26548673,66,110,54,98,0,41,8,41,17,32,21,54,0,0,7,41,28,52,69,2014,"Finance &<br>Insurance, Real Estate,<br>Rental & Leasing"
Professional,14.65393795,11.25886525,18.07017544,9.060562709,14.92666091,13.02083333,12.34042553,18.2010582,12.1680539,12.9501385,13.92818281,16.53543307,10.33274956,20.98214286,15.33923304,10.75268817,14.15384615,23.37349398,15.26548673,307,254,412,190,173,200,116,172,307,187,128,105,59,94,52,90,92,97,69,2014,"Professional, Scientific,<br>Management, Administrative,<br>Waste Management Services"
Education & Healthcare,42.38663484,45.65602837,38.81578947,52.78969957,43.31320104,42.96875,30.74468085,38.2010582,35.35473642,23.47645429,36.77910773,35.11811024,25.39404553,54.01785714,59.8820059,33.45280765,36.92307692,36.62650602,44.02654867,888,1030,885,1107,502,660,289,361,892,339,338,223,145,242,203,280,240,152,199,2014,"Educational Services,<br>Health Care & Social Assistance"
Entertainment,12.64916468,14.62765957,13.90350877,13.25703386,13.45987921,13.34635417,6.914893617,10.79365079,20.76892588,9.210526316,10.44613711,12.75590551,21.89141856,3.571428571,2.359882006,3.225806452,19.84615385,8.192771084,0,265,330,317,278,156,205,65,102,524,133,96,81,125,16,8,27,129,34,0,2014,"Arts, Entertainment,<br>Recreation, Accommodation &<br>Food Services"
Other Services,4.248210024,2.703900709,4.166666667,3.719599428,2.243313201,5.794270833,7.446808511,4.126984127,5.826397146,12.53462604,5.005440696,1.102362205,0.875656743,0,0,14.21744325,4.769230769,1.445783133,3.097345133,89,61,95,78,26,89,70,39,147,181,46,7,5,0,0,119,31,6,14,2014,Other Services
Public Administration,2.720763723,1.374113475,4.780701754,2.145922747,0.86281277,5.208333333,2.765957447,2.962962963,0.594530321,3.670360111,7.508161045,10.70866142,14.01050788,4.464285714,5.014749263,6.571087216,0,5.060240964,0,57,31,109,45,10,80,26,28,15,53,69,68,80,20,17,55,0,21,0,2014,Public Administration
Agriculture,1.259445844,1.167444963,0.281463611,0.731528895,0,0,0,0,0.354251012,5.242718447,0,0,0,0,0,0,0,0,0,40,35,7,10,0,0,0,0,7,81,0,0,0,0,0,0,0,0,0,2015,"Agriculture,<br>Forestry, Fishing &<br>Hunting, Mining"
Construction,6.108312343,3.902601734,3.65902694,3.950256035,0.985761227,0,5.843293493,4.058441558,2.834008097,2.459546926,2.093718843,5.389221557,2.90275762,0,0,5.675675676,4.112149533,0,3.153153153,194,117,91,54,9,0,88,50,56,38,21,27,20,0,0,42,22,0,14,2015,Construction
Manufacturing,3.998740554,2.268178786,3.498190591,1.024140454,4.709748083,4.130262113,0,3.896103896,8.755060729,1.100323625,3.489531406,2.395209581,0,4.235294118,3.512880562,10.13513514,0.934579439,4.188481675,3.603603604,127,68,87,14,43,52,0,48,173,17,35,12,0,18,15,75,5,16,16,2015,Manufacturing
Wholesale,2.204030227,0.633755837,0.522718134,1.170446233,0,1.270849881,0.597609562,0.487012987,2.226720648,0,0,0,0,0,0,0,4.672897196,0,0,70,19,13,16,0,16,9,6,44,0,0,0,0,0,0,0,25,0,0,2015,Wholesale Trade
Retail,8.280856423,10.67378252,6.473663048,2.340892465,4.052573932,4.447974583,21.58034529,9.577922078,15.23279352,10.67961165,5.682951147,7.784431138,11.61103048,6.117647059,10.30444965,2.432432432,9.53271028,3.141361257,11.71171171,263,320,161,32,37,56,325,118,301,165,57,39,80,26,44,18,51,12,52,2015,Retail Trade
Transportation,1.889168766,1.367578386,1.487736228,0,4.162102957,1.906274821,2.058432935,0,2.024291498,3.495145631,1.196410768,0,6.676342525,0,7.025761124,0,5.046728972,0,0,60,41,37,0,38,24,31,0,40,54,12,0,46,0,30,0,27,0,0,2015,"Transportation,<br>Warehousing, Utilities"
Information,3.243073048,3.702468312,4.82509047,1.463057791,3.504928806,0.31771247,1.062416999,0.811688312,0,1.812297735,0.697906281,1.19760479,2.90275762,0,3.512880562,4.054054054,2.803738318,4.45026178,0,103,111,120,20,32,4,16,10,0,28,7,6,20,0,15,30,15,17,0,2015,Information
Finance & Insurance,3.557934509,1.73448966,2.533172497,8.339429407,3.614457831,0.953137411,0.664010624,3.977272727,0.910931174,2.265372168,7.676969093,0,0,13.17647059,13.34894614,8.243243243,2.056074766,6.544502618,2.027027027,113,52,63,114,33,12,10,49,18,35,77,0,0,56,57,61,11,25,9,2015,"Finance &<br>Insurance, Real Estate,<br>Rental & Leasing"
Professional,8.186397985,18.74583055,15.07840772,17.92245794,10.73384447,4.924543288,4.780876494,9.172077922,9.159919028,17.60517799,17.84646062,20.15968064,11.03047896,20,17.09601874,20.81081081,17.75700935,14.92146597,20.4954955,260,562,375,245,98,62,72,113,181,272,179,101,76,85,73,154,95,57,91,2015,"Professional, Scientific,<br>Management, Administrative,<br>Waste Management Services"
Education & Healthcare,36.20906801,30.35356905,31.2424608,47.32991953,51.25958379,58.14138205,46.61354582,38.63636364,32.54048583,26.73139159,37.38783649,53.49301397,47.16981132,39.05882353,39.3442623,31.21621622,37.19626168,64.39790576,39.63963964,1150,910,777,647,468,732,702,476,643,413,375,268,325,166,168,231,199,246,176,2015,"Educational Services,<br>Health Care & Social Assistance"
Entertainment,15.86901763,18.31220814,19.66224367,5.559619605,8.324205915,19.14217633,11.02257636,18.34415584,13.91700405,18.25242718,3.589232303,7.385229541,13.49782293,8.941176471,2.576112412,9.189189189,14.01869159,0,15.99099099,504,549,489,76,76,241,166,226,275,282,36,37,93,38,11,68,75,0,71,2015,"Arts, Entertainment,<br>Recreation, Accommodation &<br>Food Services"
Other Services,6.391687657,5.30353569,3.860072376,5.852231163,4.928806134,2.700555997,3.652058433,4.383116883,8.097165992,9.579288026,14.35692921,0,2.757619739,2.117647059,3.278688525,5.27027027,0,0,1.576576577,203,159,96,80,45,34,55,54,160,148,144,0,19,9,14,39,0,0,7,2015,Other Services
Public Administration,2.802267003,1.834556371,6.87575392,4.316020483,3.723986857,2.065131056,2.124833997,6.655844156,3.947368421,0.776699029,5.982053838,2.195608782,1.45137881,6.352941176,0,2.972972973,1.869158879,2.356020942,1.801801802,89,55,171,59,34,26,32,82,78,12,60,11,10,27,0,22,10,9,8,2015,Public Administration
Agriculture,0,2.264150943,0.365853659,3.523809524,1.13913751,0,0,0,0,0,4.737516005,0,0,0,0,0,0,0,0,0,66,9,74,14,0,0,0,0,0,37,0,0,0,0,0,0,0,0,2016,"Agriculture,<br>Forestry, Fishing &<br>Hunting, Mining"
Construction,3.672316384,5.557461407,3.577235772,1.428571429,1.220504475,1.102629347,1.904761905,4.194630872,5.610021786,1.127554616,0,9.555984556,0,2.162162162,6.910994764,7.186858316,7.142857143,3.839122486,4.87804878,117,162,88,30,15,13,26,50,103,16,0,99,0,8,66,35,45,21,12,2016,Construction
Manufacturing,4.676710609,1.578044597,3.333333333,2.857142857,10.49633849,4.240882103,3.58974359,5.704697987,0.980392157,4.087385483,1.792573624,5.791505792,7.352941176,0,0.732984293,1.848049281,0,3.10786106,4.87804878,149,46,82,60,129,50,49,68,18,58,14,60,15,0,7,9,0,17,12,2016,Manufacturing
Wholesale,0.69052103,3.876500858,0,0.904761905,5.288852726,1.781170483,0,0.922818792,0.326797386,0,0.640204866,0,0,0,0,0,0,0,5.691056911,22,113,0,19,65,21,0,11,6,0,5,0,0,0,0,0,0,0,14,2016,Wholesale Trade
Retail,12.11550534,6.072041166,11.70731707,10.33333333,8.380797396,6.191687871,16.26373626,6.963087248,15.03267974,5.214940099,8.322663252,7.432432432,0,2.432432432,12.04188482,8.213552361,11.26984127,6.398537477,9.349593496,386,177,288,217,103,73,222,83,276,74,65,77,0,9,115,40,71,35,23,2016,Retail Trade
Transportation,0.847457627,1.303602058,1.991869919,4,0.65093572,2.120441052,2.051282051,0.922818792,2.668845316,2.043692741,1.408450704,3.861003861,0,0,1.361256545,0,2.380952381,0,0,27,38,49,84,8,25,28,11,49,29,11,40,0,0,13,0,15,0,0,2016,"Transportation,<br>Warehousing, Utilities"
Information,1.851851852,2.778730703,2.154471545,1.714285714,0,1.017811705,1.318681319,4.94966443,1.525054466,3.453136011,4.737516005,6.177606178,0,1.351351351,2.722513089,2.05338809,1.26984127,4.753199269,0,59,81,53,36,0,12,18,59,28,49,37,64,0,5,26,10,8,26,0,2016,Information
Finance & Insurance,6.716886378,1.715265866,3.861788618,1.619047619,1.545972335,0.678541137,5.054945055,6.124161074,1.14379085,6.272022551,2.04865557,5.405405405,0,5.675675676,1.67539267,2.05338809,2.063492063,0,9.756097561,214,50,95,34,19,8,69,73,21,89,16,56,0,21,16,10,13,0,24,2016,"Finance &<br>Insurance, Real Estate,<br>Rental & Leasing"
Professional,13.1826742,11.45797599,14.71544715,16.61904762,4.231082181,5.767599661,10.62271062,26.4261745,8.932461874,10.00704722,14.59667093,10.42471042,24.01960784,9.459459459,19.47643979,13.5523614,19.36507937,6.398537477,15.44715447,420,334,362,349,52,68,145,315,164,142,114,108,49,35,186,66,122,35,38,2016,"Professional, Scientific,<br>Management, Administrative,<br>Waste Management Services"
Education & Healthcare,36.6603892,39.45111492,39.43089431,38.42857143,42.63628967,50.8057676,36.996337,28.77516779,43.02832244,30.44397463,32.3943662,26.06177606,46.56862745,55.67567568,14.13612565,52.56673511,31.9047619,43.32723949,32.11382114,1168,1150,970,807,524,599,505,343,790,432,253,270,95,206,135,256,201,237,79,2016,"Educational Services,<br>Health Care & Social Assistance"
Entertainment,9.070935342,14.44253859,8.902439024,15.52380952,12.28641172,18.91433418,9.523809524,4.27852349,12.63616558,21.00070472,23.04737516,19.30501931,15.19607843,14.05405405,29.94764398,7.802874743,20.79365079,21.38939671,8.943089431,289,421,219,326,151,223,130,51,232,298,180,200,31,52,286,38,131,117,22,2016,"Arts, Entertainment,<br>Recreation, Accommodation &<br>Food Services"
Other Services,6.371625863,5.248713551,7.682926829,2,7.485760781,4.834605598,9.010989011,4.781879195,4.520697168,6.694855532,4.865556978,4.536679537,0,5.675675676,10.9947644,2.669404517,0,9.689213894,6.504065041,203,153,189,42,92,57,123,57,83,95,38,47,0,21,105,13,0,53,16,2016,Other Services
Public Administration,4.143126177,4.253859348,2.276422764,1.047619048,4.637917006,2.544529262,3.663003663,5.956375839,3.594771242,9.654686399,1.408450704,1.447876448,6.862745098,3.513513514,0,2.05338809,3.80952381,1.096892139,2.43902439,132,124,56,22,57,30,50,71,66,137,11,15,14,13,0,10,24,6,6,2016,Public Administration
Agriculture,2.422983731,0.654307525,0,0.784151878,1.6563147,0,0,0,1.967709384,0,0,0,0,0,0,0,0,0,2.052785924,70,18,0,19,24,0,0,0,39,0,0,0,0,0,0,0,0,0,14,2017,"Agriculture,<br>Forestry, Fishing &<br>Hunting, Mining"
Construction,2.180685358,5.379861868,5.209557383,4.374742055,0,5.223880597,1.746724891,3.241182078,3.077699294,4.367053621,2.341137124,11.02661597,0,3.94295302,4.406130268,0,0,1.424501425,0,63,148,133,106,0,28,20,34,61,79,14,116,0,47,23,0,0,5,0,2017,Construction
Manufacturing,4.70751125,0.36350418,4.622013318,1.815930664,5.175983437,0,4.454148472,2.955195424,2.169525732,4.698728579,2.173913043,1.330798479,0,10.23489933,2.298850575,5.446927374,2.857142857,6.837606838,0,136,10,118,44,75,0,51,31,43,85,13,14,0,122,12,39,5,24,0,2017,Manufacturing
Wholesale,1.626860505,0.872410033,1.410105758,1.361947998,4.692891649,0,1.572052402,0,0.504540868,0,1.003344482,0,0,0,0,0,0,0,4.252199413,47,24,36,33,68,0,18,0,10,0,6,0,0,0,0,0,0,0,29,2017,Wholesale Trade
Retail,9.691934926,13.34060342,15.98119859,9.657449443,4.140786749,5.037313433,6.72489083,8.579599619,5.80221998,17.5787728,2.341137124,12.35741445,11.86736475,4.94966443,12.64367816,12.4301676,4.571428571,11.68091168,9.824046921,280,367,408,234,60,27,77,90,115,318,14,130,68,59,66,89,8,41,67,2017,Retail Trade
Transportation,1.557632399,4.180298073,1.018409714,2.930251754,2.622498275,0,1.484716157,2.85986654,0.706357215,1.160862355,0,1.711026616,0,1.258389262,0,2.653631285,0,0,0,45,115,26,71,38,0,17,30,14,21,0,18,0,15,0,19,0,0,0,2017,"Transportation,<br>Warehousing, Utilities"
Information,1.903772932,2.181025082,2.820211516,3.260420966,1.311249137,1.119402985,2.096069869,1.525262154,2.421796165,2.21116639,2.675585284,1.330798479,2.617801047,0,1.724137931,3.351955307,0,2.564102564,2.052785924,55,60,72,79,19,6,24,16,48,40,16,14,15,0,9,24,0,9,14,2017,Information
Finance & Insurance,5.295950156,1.708469647,2.546024285,0.619067272,4.623878537,0,2.270742358,1.620591039,6.609485368,4.145936982,6.35451505,9.030418251,19.89528796,0,0,5.027932961,0,6.837606838,1.759530792,153,47,65,15,67,0,26,17,131,75,38,95,114,0,0,36,0,24,12,2017,"Finance &<br>Insurance, Real Estate,<br>Rental & Leasing"
Professional,15.05711319,13.04980007,15.98119859,16.79735865,6.970324362,9.888059701,6.986899563,11.8207817,15.03531786,11.88501935,10.2006689,8.174904943,12.7399651,10.15100671,5.747126437,4.05027933,14.28571429,20.7977208,5.278592375,435,359,408,407,101,53,80,124,298,215,61,86,73,121,30,29,25,73,36,2017,"Professional, Scientific,<br>Management, Administrative,<br>Waste Management Services"
Education & Healthcare,35.79093112,34.16939295,33.64669017,34.91539414,45.75569358,56.90298507,48.64628821,46.32983794,37.3864783,31.78551686,35.28428094,34.41064639,26.70157068,44.46308725,38.69731801,28.77094972,47.42857143,43.58974359,49.26686217,1034,940,859,846,663,305,557,486,741,575,211,362,153,530,202,206,83,153,336,2017,"Educational Services,<br>Health Care & Social Assistance"
Entertainment,13.70716511,15.30352599,6.267136702,15.68303756,12.1463078,9.888059701,14.23580786,11.53479504,16.90211907,13.54339414,18.39464883,15.20912548,10.29668412,12.66778523,24.13793103,23.60335196,17.71428571,1.994301994,23.02052786,396,421,160,380,176,53,163,121,335,245,110,160,59,151,126,169,31,7,157,2017,"Arts, Entertainment,<br>Recreation, Accommodation &<br>Food Services"
Other Services,4.18830045,5.816066885,7.285546416,5.777961205,6.418219462,7.089552239,6.026200873,5.147759771,2.875882947,4.919845218,7.859531773,5.418250951,6.282722513,10.90604027,9.578544061,7.82122905,5.142857143,1.994301994,2.492668622,121,160,186,140,93,38,69,54,57,89,47,57,36,130,50,56,9,7,17,2017,Other Services
Public Administration,1.869158879,2.980734278,3.21190756,2.022286422,4.485852312,4.850746269,3.755458515,4.385128694,4.54086781,3.703703704,11.37123746,0,9.598603839,1.426174497,0.766283525,6.843575419,8,2.279202279,0,54,82,82,49,65,26,43,46,90,67,68,0,55,17,4,49,14,8,0,2017,Public Administration
Agriculture,0.802568218,0.530816868,0,0,0,0,0.982318271,0,0,1.838755304,0,0,0,2.753623188,0,0,3.556771546,5.555555556,0,15,18,0,0,0,0,10,0,0,26,0,0,0,19,0,0,26,51,0,2018,"Agriculture,<br>Forestry, Fishing &<br>Hunting, Mining"
Construction,1.230604601,8.375110587,5.342501984,2.203742204,0,7.450980392,0.884086444,2.379664684,0.802675585,1.131541726,1.972386588,4.308390023,3.309692671,1.304347826,3.616636528,4.374057315,0,7.189542484,0,23,284,202,53,0,76,9,44,12,16,10,19,14,9,20,29,0,66,0,2018,Construction
Manufacturing,5.189941145,0.973164258,6.29463105,1.787941788,2.485966319,9.607843137,2.848722986,1.946998378,2.006688963,2.758132956,0,3.628117914,7.56501182,1.304347826,1.808318264,1.809954751,0,6.862745098,2.631578947,97,33,238,43,31,98,29,36,30,39,0,16,32,9,10,12,0,63,5,2018,Manufacturing
Wholesale,5.457463884,0.471837216,0,0.540540541,0,0,0,1.24391563,2.140468227,0.495049505,0,2.040816327,5.910165485,6.811594203,0,0,2.462380301,0,0,102,16,0,13,0,0,0,23,32,7,0,9,25,47,0,0,18,0,0,2018,Wholesale Trade
Retail,10.058855,13.12297257,7.69637662,13.18087318,13.15156375,7.450980392,2.259332024,17.0362358,5.016722408,3.465346535,2.958579882,6.575963719,7.80141844,4.492753623,6.50994575,11.46304676,7.934336525,12.41830065,3.684210526,188,445,291,317,164,76,23,315,75,49,15,29,33,31,36,76,58,114,7,2018,Retail Trade
Transportation,0.428036383,4.246534945,1.454641629,0.540540541,0,0.980392157,2.946954813,0.865332612,0.200668896,0.919377652,0,0,0,4.057971014,8.499095841,0,0,1.416122004,0,8,144,55,13,0,10,30,16,3,13,0,0,0,28,47,0,0,13,0,2018,"Transportation,<br>Warehousing, Utilities"
Information,0.481540931,2.241226777,2.724147051,2.702702703,1.202886929,4.117647059,1.866404715,3.839913467,1.404682274,2.758132956,2.366863905,0,5.437352246,2.31884058,7.956600362,1.206636501,2.051983584,0,0,9,76,103,65,15,42,19,71,21,39,12,0,23,16,44,8,15,0,0,2018,Information
Finance & Insurance,3.691813804,3.892657033,1.851362074,3.451143451,10.42502005,2.352941176,5.992141454,3.623580314,6.488294314,6.435643564,9.467455621,0,2.127659574,0.869565217,2.350813743,0,1.23119015,5.119825708,0,69,132,70,83,130,24,61,67,97,91,48,0,9,6,13,0,9,47,0,2018,"Finance &<br>Insurance, Real Estate,<br>Rental & Leasing"
Professional,10.70090958,8.876437629,15.04892885,15.09355509,11.94867682,23.43137255,11.29666012,7.950243375,13.77926421,13.22489392,16.96252465,16.55328798,17.96690307,13.62318841,5.424954792,11.46304676,6.292749658,7.189542484,14.21052632,200,301,569,363,149,239,115,147,206,187,86,73,76,94,30,76,46,66,27,2018,"Professional, Scientific,<br>Management, Administrative,<br>Waste Management Services"
Education & Healthcare,44.14125201,33.97227956,34.38243851,39.002079,27.50601443,27.94117647,50.68762279,39.75121687,39.53177258,37.62376238,51.08481262,34.69387755,47.04491726,45.79710145,52.079566,33.4841629,47.60601915,36.05664488,49.47368421,825,1152,1300,938,343,285,516,735,591,532,259,153,199,316,288,222,348,331,94,2018,"Educational Services,<br>Health Care & Social Assistance"
Entertainment,8.721241306,14.56797405,15.36630521,13.38877339,19.72734563,5.392156863,12.86836935,10.65440779,13.57859532,19.16548798,11.04536489,10.88435374,2.836879433,7.391304348,4.882459313,25.33936652,19.01504788,16.5577342,15.78947368,163,494,581,322,246,55,131,197,203,271,56,48,12,51,27,168,139,152,30,2018,"Arts, Entertainment,<br>Recreation, Accommodation &<br>Food Services"
Other Services,4.066345639,6.42878207,7.590584501,4.948024948,6.255012029,5.490196078,6.974459725,6.381828015,5.484949833,5.58698727,2.366863905,17.00680272,0,7.68115942,1.265822785,10.25641026,7.523939808,1.633986928,7.894736842,76,218,287,119,78,56,71,118,82,79,12,75,0,53,7,68,55,15,15,2018,Other Services
Public Administration,5.029427501,2.300206429,2.248082518,3.16008316,7.297514034,5.784313725,0.392927308,4.326663061,9.565217391,4.59688826,1.775147929,4.308390023,0,1.594202899,5.605786618,0.60331825,2.325581395,0,6.315789474,94,78,85,76,91,59,4,80,143,65,9,19,0,11,31,4,17,0,12,2018,Public Administration
Agriculture,0.691358025,1.616094987,0,0,1.317365269,0.843881857,0,0,0,2.028549962,0,0,0,0,0,0,2.130681818,0,0,14,49,0,0,22,12,0,0,0,27,0,0,0,0,0,0,15,0,0,2019,"Agriculture,<br>Forestry, Fishing &<br>Hunting, Mining"
Construction,3.50617284,4.551451187,1.709712623,4.188481675,0,5.485232068,5.322371268,6.171809842,8.695652174,2.178812923,2.570093458,2.06185567,0,0,3.753910323,2.098540146,4.6875,0,0,71,138,47,48,0,78,123,74,164,29,11,16,0,0,36,23,33,0,0,2019,Construction
Manufacturing,2.271604938,8.970976253,2.801018552,5.322862129,0.898203593,1.406469761,4.586758979,5.337781485,1.484623542,2.404207363,0,0.128865979,12.92775665,0,7.507820647,6.843065693,1.5625,0,3.400735294,46,272,77,61,15,20,106,64,28,32,0,1,34,0,72,75,11,0,37,2019,Manufacturing
Wholesale,0,0.758575198,0,3.228621291,1.377245509,2.390998594,0,0,1.166489926,0,0,0,0,0,0,0,4.829545455,0,1.930147059,0,23,0,37,23,34,0,0,22,0,0,0,0,0,0,0,34,0,21,2019,Wholesale Trade
Retail,7.950617284,12.30211082,6.329574391,10.47120419,5.628742515,8.931082982,13.11120727,10.00834028,6.415694592,2.479338843,3.504672897,18.04123711,3.041825095,3.676470588,6.569343066,2.828467153,3.267045455,5.913978495,10.66176471,161,373,174,120,94,127,303,120,121,33,15,140,8,15,63,31,23,22,116,2019,Retail Trade
Transportation,0.691358025,0.362796834,1.127682794,1.134380454,0,1.687763713,1.601038511,0,6.5747614,0,3.271028037,0,0.380228137,0,3.128258603,0,3.409090909,10.48387097,2.022058824,14,11,31,13,0,24,37,0,124,0,14,0,1,0,30,0,24,39,22,2019,"Transportation,<br>Warehousing, Utilities"
Information,4,2.86939314,3.273917788,0.785340314,2.574850299,3.305203938,1.427953267,5.087572977,1.855779427,3.531179564,3.037383178,0,3.041825095,1.225490196,5.005213764,0,0.426136364,0,2.665441176,81,87,90,9,43,47,33,61,35,47,13,0,8,5,48,0,3,0,29,2019,Information
Finance & Insurance,6.222222222,4.023746702,3.346671517,5.061082024,0.239520958,8.298171589,7.009952402,2.251876564,2.49204666,6.611570248,11.91588785,3.608247423,0,3.676470588,2.398331595,0.912408759,0.994318182,4.301075269,6.433823529,126,122,92,58,4,118,162,27,47,88,51,28,0,15,23,10,7,16,70,2019,"Finance &<br>Insurance, Real Estate,<br>Rental & Leasing"
Professional,12,12.13720317,9.057839214,17.27748691,5.688622754,10.97046414,10.99091302,15.67973311,7.688229056,17.58076634,24.53271028,10.05154639,20.53231939,11.51960784,13.03441084,12.04379562,11.93181818,17.74193548,21.59926471,243,368,249,198,95,156,254,188,145,234,105,78,54,47,125,132,84,66,235,2019,"Professional, Scientific,<br>Management, Administrative,<br>Waste Management Services"
Education & Healthcare,45.62962963,33.57519789,44.23426701,37.2600349,56.52694611,35.09142053,33.79489399,34.44537114,34.252386,33.65890308,33.64485981,23.71134021,39.54372624,58.82352941,37.33055266,44.98175182,43.46590909,36.02150538,33.91544118,924,1018,1216,427,944,499,781,413,646,448,144,184,104,240,358,493,306,134,369,2019,"Educational Services,<br>Health Care & Social Assistance"
Entertainment,6.172839506,13.06068602,21.06220444,6.719022688,18.14371257,12.58790436,14.75551709,9.841534612,13.1495228,18.8580015,12.85046729,17.91237113,12.16730038,13.97058824,6.569343066,19.06934307,14.48863636,16.39784946,9.283088235,125,396,579,77,303,179,341,118,248,251,55,139,32,57,63,209,102,61,101,2019,"Arts, Entertainment,<br>Recreation, Accommodation &<br>Food Services"
Other Services,4.395061728,2.770448549,5.092761004,4.10122164,4.491017964,5.274261603,5.668541757,9.007506255,12.83138918,6.235912847,3.037383178,16.8814433,4.562737643,7.107843137,10.84462982,9.032846715,6.818181818,9.139784946,5.147058824,89,84,140,47,75,75,131,108,242,83,13,131,12,29,104,99,48,34,56,2019,Other Services
Public Administration,6.469135802,3.001319261,1.964350673,4.45026178,3.113772455,3.727144866,1.730852445,2.168473728,3.393425239,4.432757325,1.635514019,7.603092784,3.802281369,0,3.85818561,2.189781022,1.988636364,0,2.941176471,131,91,54,51,52,53,40,26,64,59,7,59,10,0,37,24,14,0,32,2019,Public Administration
